timestamp,house,channel,temperature_C,payload64_hex
2025-11-19 17:03:27,3,1,14.9,ec4013029410239e
2025-11-19 17:06:42,3,1,14.8,ec401302841013eb
2025-11-19 17:09:19,3,1,14.7,ec401302741003aa
2025-11-19 17:13:13,3,1,14.6,ec4013026410f2df
2025-11-19 17:18:25,3,1,14.5,ec4013025410e240
2025-11-19 17:24:16,3,1,14.4,ec4013024410d235
2025-11-19 17:26:52,3,1,14.3,ec4013023410c21f
2025-11-19 17:30:07,3,1,14.2,ec4013022410b26a
2025-11-19 17:33:22,3,1,14.1,ec4013021410a2f5
2025-11-19 17:42:28,3,1,14.0,ec40130204109280
2025-11-19 17:45:43,3,1,13.9,ec40130293101328
2025-11-19 17:50:55,3,1,13.8,ec4013028310035d
2025-11-19 17:53:31,3,1,13.7,ec4013027310f21c
2025-11-19 17:58:04,3,1,13.6,ec4013026310e269
2025-11-19 18:03:16,3,1,13.5,ec4013025310d2f6
2025-11-19 18:34:29,3,1,13.2,ec401300231082b1
2025-11-19 18:38:23,3,1,13.1,ec4013001310722e
2025-11-19 18:39:41,3,1,13.5,ec4013005310b29b
2025-11-19 18:40:20,3,1,13.8,ec4013008310e230
2025-11-19 18:40:59,3,1,14.1,ec40130014108298
2025-11-19 18:41:38,3,1,14.3,ec4013003410a272
2025-11-19 18:42:17,3,1,14.6,ec4013006410d2b2
2025-11-19 18:42:56,3,1,14.8,ec4013008410f286
2025-11-19 18:44:14,3,1,15.3,ec4013003510b223
2025-11-19 18:44:53,3,1,15.5,ec4013005510d27c
2025-11-19 18:45:32,3,1,15.7,ec4013007510f296
2025-11-19 18:46:11,3,1,16.0,ec4013000610924f
2025-11-19 18:46:50,3,1,16.1,ec4013001610a23a
2025-11-19 18:47:29,3,1,16.3,ec4013003610c2d0
2025-11-19 18:48:08,3,1,16.5,ec4013005610e28f
2025-11-19 18:48:47,3,1,16.6,ec4013006610f210
2025-11-19 18:49:26,3,1,16.8,ec40130086101324
2025-11-19 18:50:44,3,1,17.0,ec4013000710a21e
2025-11-19 18:51:23,3,1,17.2,ec4013002710c2f4
2025-11-19 18:52:02,3,1,17.3,ec4013003710d281
2025-11-19 18:52:41,3,1,17.4,ec4013004710e2ab
2025-11-19 18:53:20,3,1,17.5,ec4013005710f2de
2025-11-19 18:53:59,3,1,17.6,ec40130067100341
2025-11-19 18:54:38,3,1,17.7,ec40130077101334
2025-11-19 18:55:17,3,1,17.8,ec40130087102375
2025-11-19 18:55:56,3,1,17.9,ec40130097103300
2025-11-19 18:57:14,3,1,18.0,ec4013010810c294
2025-11-19 18:57:53,3,1,18.1,ec4013011810d2e1
2025-11-19 18:58:32,3,1,18.2,ec4013012810e27e
2025-11-19 18:59:50,3,1,18.3,ec4013013810f20b
2025-11-19 19:02:26,3,1,18.5,ec40130158101354
2025-11-19 19:03:44,3,1,18.6,ec401301681023cb
2025-11-19 19:05:02,3,1,18.7,ec401301781033be
2025-11-19 19:06:20,3,1,18.8,ec401301881043ff
2025-11-19 19:06:59,3,1,19.2,ec4013012910f22f
2025-11-19 19:07:39,3,1,19.8,ec401301891053ae
2025-11-19 19:08:17,3,1,20.3,ec40130130208288
2025-11-19 19:08:56,3,1,20.9,ec4013019020e209
2025-11-19 19:09:36,3,1,21.4,ec4013014120a2f3
2025-11-19 19:10:14,3,1,21.8,ec4013018120e22d
2025-11-19 19:10:54,3,1,22.3,ec4013013220a22a
2025-11-19 19:11:32,3,1,22.6,ec4013016220d2ea
2025-11-19 19:12:11,3,1,23.0,ec401301032082e4
2025-11-19 19:12:51,3,1,23.4,ec4013014320c251
2025-11-19 19:13:29,3,1,23.7,ec4013017320f2ce
2025-11-19 19:14:09,3,1,24.1,ec4013011420a227
2025-11-19 19:14:47,3,1,24.4,ec4013014420d2e7
2025-11-19 19:15:26,3,1,24.6,ec4013016420f20d
2025-11-19 19:16:06,3,1,24.9,ec4013019420234c
2025-11-19 19:16:44,3,1,25.2,ec4013012520c2e9
2025-11-19 19:17:24,3,1,25.5,ec4013015520f2c3
2025-11-19 19:18:03,3,1,25.7,ec40130175201329
2025-11-19 19:18:41,3,1,25.9,ec4013019520331d
2025-11-19 19:19:21,3,1,26.1,ec4013011620c285
2025-11-19 19:19:59,3,1,26.3,ec4013013620e26f
2025-11-19 19:20:39,3,1,26.5,ec40130156200330
2025-11-19 19:21:18,3,1,26.7,ec401301762023da
2025-11-19 19:21:56,3,1,26.9,ec401301962043ee
2025-11-19 19:22:36,3,1,27.1,ec4013011720d2d4
2025-11-19 19:23:14,3,1,27.3,ec4013013720f23e
2025-11-19 19:23:54,3,1,27.4,ec40130147200314
2025-11-19 19:24:33,3,1,27.6,ec401301672023fe
2025-11-19 19:25:11,3,1,27.8,ec401301872043ca
2025-11-19 19:25:51,3,1,27.9,ec401301972053bf
2025-11-19 19:26:30,3,1,28.1,ec4013011820e2e8
2025-11-19 19:27:09,3,1,28.2,ec4013012820f277
2025-11-19 19:27:48,3,1,28.3,ec40130138200302
2025-11-19 19:28:26,3,1,28.5,ec4013015820235d
2025-11-19 19:29:06,3,1,28.6,ec401301682033c2
2025-11-19 19:29:45,3,1,28.7,ec401301782043b7
2025-11-19 19:30:24,3,1,28.8,ec401301882053f6
2025-11-19 19:31:03,3,1,28.9,ec40130198206383
2025-11-19 19:31:41,3,1,29.1,ec4013011920f2b9
2025-11-19 19:32:21,3,1,29.2,ec40130129200326
2025-11-19 19:33:00,3,1,29.3,ec40130139201353
2025-11-19 19:33:38,3,1,29.4,ec40130149202379
2025-11-19 19:34:18,3,1,29.5,ec4013015920330c
2025-11-19 19:34:57,3,1,29.6,ec40130169204393
2025-11-19 19:35:36,3,1,29.7,ec401301792053e6
2025-11-19 19:36:15,3,1,29.8,ec401301892063a7
2025-11-19 19:36:54,3,1,29.9,ec401301992073d2
2025-11-19 19:37:33,3,1,30.0,ec40130100306210
2025-11-19 19:38:12,3,1,30.1,ec40130110307265
2025-11-19 19:38:51,3,1,30.2,ec401301203082fa
2025-11-19 19:39:30,3,1,30.3,ec4013013030928f
2025-11-19 19:40:09,3,1,30.4,ec4013014030a2a5
2025-11-19 19:41:27,3,1,30.5,ec4013015030b2d0
2025-11-19 19:42:06,3,1,30.6,ec4013016030c24f
2025-11-19 19:42:45,3,1,30.7,ec4013017030d23a
2025-11-19 19:43:24,3,1,30.8,ec4013018030e27b
2025-11-19 19:44:03,3,1,30.9,ec4013019030f20e
2025-11-19 19:49:15,3,1,31.0,ec40130101307241
2025-11-19 19:49:54,3,1,31.2,ec401301213092ab
2025-11-19 19:50:33,3,1,31.4,ec4013014130b2f4
2025-11-19 19:51:12,3,1,31.6,ec4013016130d21e
2025-11-19 19:51:51,3,1,31.8,ec4013018130f22a
2025-11-19 19:52:30,3,1,31.9,ec4013019130035f
2025-11-19 19:53:09,3,1,32.1,ec401301123092c7
2025-11-19 19:53:48,3,1,32.2,ec4013012230a258
2025-11-19 19:54:27,3,1,32.3,ec4013013230b22d
2025-11-19 19:55:06,3,1,32.4,ec4013014230c207
2025-11-19 19:55:45,3,1,32.5,ec4013015230d272
2025-11-19 19:56:24,3,1,32.6,ec4013016230e2ed
2025-11-19 19:57:03,3,1,32.7,ec4013017230f298
2025-11-19 19:57:42,3,1,32.8,ec401301823003d9
2025-11-19 19:58:21,3,1,32.9,ec401301923013ac
2025-11-19 19:59:00,3,1,33.0,ec401301033092e3
2025-11-19 20:00:18,3,1,33.1,ec4013011330a296
2025-11-19 20:02:15,3,1,33.2,ec4013012330b209
2025-11-19 20:02:54,3,1,33.3,ec4013013330c27c
2025-11-19 20:04:51,3,1,33.4,ec4013014330d256
2025-11-19 20:12:39,3,1,34.1,ec4013011430b220
2025-11-19 20:13:57,3,1,40.1,ec40130110408210
2025-11-19 20:14:16,135,1,40.3,ec4017883040d359
2025-11-19 20:14:55,135,1,47.9,ec4017889740a46e
2025-11-19 20:15:34,135,1,54.5,ec40178854504444
2025-11-19 20:15:55,92,1,54.5,ec401c5854506444
2025-11-19 20:16:21,0,1,52.2,ec40100822500389
2025-11-19 20:17:00,0,1,49.6,ec4010086940a342
2025-11-19 20:17:15,96,1,48.9,ec40106898402452
2025-11-19 20:17:54,96,1,47.4,ec4010684740c3c5
2025-11-19 20:18:33,96,1,46.8,ec4010688640f34a
2025-11-19 20:19:13,96,1,46.2,ec401068264093cb
2025-11-19 20:19:51,96,1,45.6,ec4010686540c38d
2025-11-19 20:20:31,96,1,45.0,ec401068054063d2
2025-11-19 20:21:10,96,1,44.5,ec4010685440a343
2025-11-19 20:21:49,96,1,44.0,ec40106804405383
2025-11-19 20:22:28,96,1,43.5,ec401068534093f5
2025-11-19 20:23:06,96,1,43.0,ec40106803404335
2025-11-19 20:23:46,96,1,42.4,ec401068424073d1
2025-11-19 20:24:25,96,1,41.9,ec4010689140b389
2025-11-19 20:25:04,96,1,41.5,ec40106851407357
2025-11-19 20:25:43,96,1,41.0,ec40106801402397
2025-11-19 20:26:21,96,1,40.6,ec40106860407399
2025-11-19 20:27:40,96,1,39.8,ec40106889301403
2025-11-19 20:28:19,96,1,39.5,ec4010685930e3a8
2025-11-19 20:28:58,96,1,39.1,ec4010681930a31d
2025-11-19 20:29:37,96,1,38.8,ec40106888300452
2025-11-19 20:30:16,96,1,38.4,ec4010684830c38c
2025-11-19 20:30:55,96,1,38.1,ec4010681830934c
2025-11-19 20:31:34,96,1,37.8,ec4010688730f36e
2025-11-19 20:32:52,96,1,37.2,ec401068273093ef
2025-11-19 20:33:31,96,1,36.9,ec4010689630f34a
2025-11-19 20:34:10,96,1,36.6,ec4010686630c30b
2025-11-19 20:34:48,96,1,36.3,ec401068363093cb
2025-11-19 20:35:28,96,1,36.0,ec40106806306354
2025-11-19 20:36:07,96,1,35.7,ec4010687530c38d
2025-11-19 20:36:46,96,1,35.5,ec4010685530a367
2025-11-19 20:37:25,96,1,35.2,ec4010682530734d
2025-11-19 20:38:43,96,1,34.7,ec4010687430b3dc
2025-11-19 20:40:00,96,1,34.3,ec40106834307369
2025-11-19 20:40:40,96,1,34.0,ec401068043043f6
2025-11-19 20:41:19,96,1,33.8,ec4010688330b32b
2025-11-19 20:41:58,96,1,33.6,ec4010686330931f
2025-11-19 20:42:37,96,1,33.4,ec401068433073f5
2025-11-19 20:43:16,96,1,33.1,ec40106813304335
2025-11-19 20:43:55,96,1,32.9,ec4010689230b30f
2025-11-19 20:44:34,96,1,32.7,ec4010687230933b
2025-11-19 20:45:13,96,1,32.5,ec401068523073d1
2025-11-19 20:45:52,96,1,32.3,ec4010683230538e
2025-11-19 20:46:31,96,1,32.2,ec401068223043fb
2025-11-19 20:47:10,96,1,32.0,ec40106802302311
2025-11-19 20:47:49,96,1,31.8,ec401062813033f1
2025-11-19 20:48:28,96,1,31.6,ec401062613013c5
2025-11-19 20:49:07,96,1,31.4,ec4010624130f22f
2025-11-19 20:49:46,96,1,31.3,ec4010623130e205
2025-11-19 20:50:25,96,1,31.1,ec4010621130c2ef
2025-11-19 20:51:04,96,1,30.9,ec401062903033d5
2025-11-19 20:51:43,96,1,30.8,ec401062803023a0
2025-11-19 20:53:01,96,1,30.5,ec4010625030f20b
2025-11-19 20:53:40,96,1,30.3,ec4010623030d254
2025-11-19 20:54:19,96,1,30.2,ec4010622030c221
2025-11-19 20:54:58,96,1,30.0,ec4010620030a2cb
2025-11-19 20:55:37,96,1,29.9,ec4010629920b309
2025-11-19 20:56:16,96,1,29.7,ec4010627920933d
2025-11-19 20:56:55,96,1,29.6,ec40106269208348
2025-11-19 20:57:34,96,1,29.4,ec401062492063a2
2025-11-19 20:58:52,96,1,29.2,ec401062292043fd
2025-11-19 20:59:31,96,1,29.0,ec40106209202317
2025-11-19 21:00:10,96,1,28.9,ec4010629820a358
2025-11-19 21:00:49,96,1,28.8,ec4010628820932d
2025-11-19 21:01:28,96,1,28.7,ec4010627820836c
2025-11-19 21:02:07,96,1,28.5,ec40106258206386
2025-11-19 21:02:46,96,1,28.4,ec401062482053f3
2025-11-19 21:03:25,96,1,28.3,ec401062382043d9
2025-11-19 21:04:04,96,1,28.2,ec401062282033ac
2025-11-19 21:04:43,96,1,28.1,ec40106218202333
2025-11-19 21:05:22,96,1,28.0,ec40106208201346
2025-11-19 21:06:01,96,1,27.9,ec40106297209364
2025-11-19 21:06:40,96,1,27.8,ec40106287208311
2025-11-19 21:07:19,96,1,27.6,ec40106267206325
2025-11-19 21:07:58,96,1,27.5,ec401062572053ba
2025-11-19 21:09:16,96,1,27.3,ec401062372033e5
2025-11-19 21:09:55,96,1,27.2,ec40106227202390
2025-11-19 21:10:34,96,1,27.1,ec4010621720130f
2025-11-19 21:11:13,96,1,27.0,ec4010620720037a
2025-11-19 21:11:53,96,1,26.9,ec40106296208335
2025-11-19 21:12:31,96,1,26.8,ec40106286207340
2025-11-19 21:13:49,96,1,26.7,ec40106276206301
2025-11-19 21:14:28,96,1,26.6,ec40106266205374
2025-11-20 07:17:33,251,1,21.0,ec401bf8012044e5
2025-11-20 07:18:12,79,1,20.9,ec401f48902054aa
2025-11-20 07:18:32,247,1,20.9,ec4017f8902084aa
2025-11-20 07:19:50,247,1,20.8,ec4017f8802074df
2025-11-20 07:20:29,247,1,20.7,ec4017f87020649e
2025-11-20 07:21:08,247,1,20.5,ec4017f850204474
2025-11-20 07:21:47,247,1,20.4,ec4017f840203401
2025-11-20 07:23:05,247,1,20.3,ec4017f83020242b
2025-11-20 07:25:02,247,1,20.2,ec4017f82020145e
2025-11-20 07:27:38,247,1,20.1,ec4017f8102004c1
2025-11-20 07:28:56,247,1,20.0,ec4017f80020f3b4
2025-11-20 07:30:14,247,1,19.9,ec4017f899100578
2025-11-20 07:31:32,247,1,19.8,ec4017f88910f40d
2025-11-20 07:32:11,247,1,19.7,ec4017f87910e44c
2025-11-20 07:32:51,247,1,19.6,ec4017f86910d439
2025-11-20 07:34:08,247,1,19.5,ec4017f85910c4a6
2025-11-20 07:34:47,247,1,19.3,ec4017f83910a4f9
2025-11-20 07:35:26,247,1,19.2,ec4017f82910948c
2025-11-20 07:36:06,247,1,19.1,ec4017f819108413
2025-11-20 07:36:44,247,1,18.9,ec4017f89810f429
2025-11-20 07:37:23,247,1,18.8,ec4017f88810e45c
2025-11-20 07:38:02,247,1,18.6,ec4017f86810c468
2025-11-20 07:38:41,247,1,18.4,ec4017f84810a482
2025-11-20 07:39:21,247,1,18.3,ec4017f8381094a8
2025-11-20 07:39:59,247,1,18.1,ec4017f818107442
2025-11-20 07:40:38,247,1,17.9,ec4017f89710e415
2025-11-20 07:41:17,247,1,17.7,ec4017f87710c421
2025-11-20 07:41:56,247,1,17.5,ec4017f85710a4cb
2025-11-20 07:42:36,247,1,17.2,ec4017f8271074e1
2025-11-20 07:43:53,247,1,16.8,ec4017f88610c431
2025-11-20 07:44:33,247,1,16.5,ec4017f85610949a
2025-11-20 07:45:11,247,1,16.3,ec4017f8361074c5
2025-11-20 07:45:51,247,1,16.0,ec4017f80610445a
2025-11-20 07:46:29,247,1,15.8,ec4017f88510b4c2
2025-11-20 07:47:08,247,1,15.5,ec4017f855108469
2025-11-20 07:47:48,247,1,15.3,ec4017f835106436
2025-11-20 07:48:26,247,1,15.0,ec4017f8051034a9
2025-11-20 07:49:44,247,1,14.5,ec4017f254101440
2025-11-20 07:50:23,247,1,14.2,ec4017f22410e36a
2025-11-20 07:51:03,247,1,13.9,ec4017f293104428
2025-11-20 07:51:41,247,1,13.6,ec4017f263101469
2025-11-20 07:52:21,247,1,13.4,ec4017f24310f383
2025-11-20 07:53:00,247,1,13.1,ec4017f21310c343
2025-11-20 07:53:38,247,1,12.8,ec4017f28210240c
2025-11-20 07:54:18,247,1,12.5,ec4017f25210f3a7
2025-11-20 07:54:56,247,1,12.2,ec4017f22210c38d
2025-11-20 07:56:15,247,1,11.7,ec4017f2711004be
2025-11-20 07:56:54,247,1,11.4,ec4017f24110d321
2025-11-20 07:57:33,247,1,11.1,ec4017f21110a3e1
2025-11-20 07:58:11,247,1,10.8,ec4017f2801004ae
2025-11-20 07:58:51,247,1,10.5,ec4017f25010d305
2025-11-20 07:59:30,247,1,10.2,ec4017f22010a32f
2025-11-20 08:00:09,247,1,10.0,ec4017f2001083c5
2025-11-20 08:00:48,247,1,9.7,ec4017f279007433
2025-11-20 08:02:06,247,1,9.1,ec4017f21900146c
2025-11-20 08:02:45,247,1,8.9,ec4017f298008456
2025-11-20 08:03:24,247,1,8.6,ec4017f268005417
2025-11-20 08:04:03,247,1,8.4,ec4017f2480034fd
2025-11-20 08:04:42,247,1,8.1,ec4017f21800043d
2025-11-20 08:05:21,247,1,7.8,ec4017f28700641f
2025-11-20 08:06:00,247,1,7.6,ec4017f26700442b
2025-11-20 08:06:39,247,1,7.3,ec4017f2370014eb
2025-11-20 08:07:18,247,1,7.1,ec4017f21700f301
2025-11-20 08:08:36,247,1,6.6,ec4017f26600347a
2025-11-20 08:09:15,247,1,6.3,ec4017f2360004ba
2025-11-20 08:09:54,247,1,6.1,ec4017f21600e350
2025-11-20 08:10:33,247,1,5.8,ec4017f2850044bd
2025-11-20 08:11:12,247,1,5.6,ec4017f265002489
2025-11-20 08:11:51,247,1,5.4,ec4017f245000463
2025-11-20 08:12:30,247,1,5.1,ec4017f21500d3a3
2025-11-20 08:13:09,247,1,4.9,ec4017f294004499
2025-11-20 08:14:27,247,1,4.4,ec4017f24400f332
2025-11-20 08:15:06,247,1,4.2,ec4017f22400d36d
2025-11-20 08:15:45,247,1,4.0,ec4017f20400b387
2025-11-20 08:16:24,247,1,3.8,ec4017f28300245a
2025-11-20 08:17:03,247,1,3.5,ec4017f25300f3f1
2025-11-20 08:17:42,247,1,3.3,ec4017f23300d3ae
2025-11-20 08:18:21,247,1,3.1,ec4017f21300b344
2025-11-20 08:19:00,247,1,2.9,ec4017f29200247e
2025-11-20 08:19:39,247,1,2.7,ec4017f27200044a
2025-11-20 08:20:57,247,1,2.2,ec4017f22200b38a
2025-11-20 08:21:36,247,1,2.0,ec4017f202009360
2025-11-20 08:22:15,247,1,1.8,ec4017f2810004f8
2025-11-20 08:22:54,247,1,1.6,ec4017f26100e3cc
2025-11-20 08:23:33,247,1,1.4,ec4017f24100c326
2025-11-20 08:24:12,247,1,1.2,ec4017f22100a379
2025-11-20 08:24:51,247,1,1.0,ec4017f201008393
2025-11-20 08:25:30,247,1,0.8,ec4017f28000f3a9
2025-11-20 08:26:09,247,1,0.6,ec4017f26000d39d
2025-11-20 08:26:48,247,1,0.4,ec4017f24000b377
2025-11-20 08:27:27,247,1,0.2,ec4017f220009328
2025-11-20 08:28:06,247,1,0.1,ec4017f2100083b7
2025-11-20 08:28:45,247,1,-0.0,ec4017f20008f341
2025-11-20 08:29:24,247,1,-0.2,ec4017f2200814ab
2025-11-20 08:30:03,247,1,-0.4,ec4017f2400834f4
2025-11-20 08:30:42,247,1,-0.6,ec4017f26008541e
2025-11-20 08:31:21,247,1,-0.8,ec4017f28008742a
2025-11-20 08:32:00,247,1,-1.0,ec4017f201080410
2025-11-20 08:33:18,247,1,-1.3,ec4017f23108348f
2025-11-20 08:33:57,247,1,-1.5,ec4017f2510854d0
2025-11-20 08:34:36,247,1,-1.7,ec4017f27108743a
2025-11-20 08:35:15,247,1,-1.9,ec4017f29108940e
2025-11-20 08:35:54,247,1,-2.1,ec4017f212082496
2025-11-20 08:37:12,247,1,-2.4,ec4017f242085456
2025-11-20 08:37:51,247,1,-2.6,ec4017f2620874bc
2025-11-20 08:38:30,247,1,-2.7,ec4017f2720884c9
2025-11-20 08:39:09,247,1,-2.9,ec4017f29208a4fd
2025-11-20 08:39:48,247,1,-3.1,ec4017f2130834c7
2025-11-20 08:40:28,247,1,-3.3,ec4017f23308542d
2025-11-20 08:41:06,247,1,-3.5,ec4017f253087472
2025-11-20 08:41:45,247,1,-3.7,ec4017f273089498
2025-11-20 08:42:24,247,1,-3.8,ec4017f28308a4d9
2025-11-20 08:43:03,247,1,-4.0,ec4017f204083404
2025-11-20 08:44:21,247,1,-4.3,ec4017f23408649b
2025-11-20 08:45:00,247,1,-4.5,ec4017f2540884c4
2025-11-20 08:45:39,247,1,-4.6,ec4017f26408945b
2025-11-20 08:46:18,247,1,-4.8,ec4017f28408b46f
2025-11-20 08:46:58,247,1,-5.0,ec4017f205084455
2025-11-20 08:47:36,247,1,-5.1,ec4017f215085420
2025-11-20 08:48:16,247,1,-5.3,ec4017f2350874ca
2025-11-20 08:48:54,247,1,-5.4,ec4017f2450884e0
2025-11-20 08:49:33,247,1,-5.6,ec4017f26508a40a
2025-11-20 08:50:13,247,1,-5.8,ec4017f28508c43e
2025-11-20 08:50:51,247,1,-5.9,ec4017f29508d44b
2025-11-20 08:51:31,247,1,-6.0,ec4017f2060854a6
2025-11-20 08:52:10,247,1,-6.2,ec4017f22608744c
2025-11-20 08:52:48,247,1,-6.4,ec4017f246089413
2025-11-20 08:53:28,247,1,-6.5,ec4017f25608a466
2025-11-20 08:54:06,247,1,-6.6,ec4017f26608b4f9
2025-11-20 08:54:46,247,1,-6.8,ec4017f28608d4cd
2025-11-20 08:55:25,247,1,-6.9,ec4017f29608e4b8
2025-11-20 08:56:03,247,1,-7.1,ec4017f217087482
2025-11-20 08:56:43,247,1,-7.2,ec4017f22708841d
2025-11-20 08:57:21,247,1,-7.4,ec4017f24708a442
2025-11-20 08:58:01,247,1,-7.5,ec4017f25708b437
2025-11-20 08:58:40,247,1,-7.6,ec4017f26708c4a8
2025-11-20 08:59:18,247,1,-7.8,ec4017f28708e49c
2025-11-20 08:59:58,247,1,-7.9,ec4017f29708f4e9
2025-11-20 09:00:37,247,1,-8.0,ec4017f2080874cb
2025-11-20 09:01:16,247,1,-8.1,ec4017f2180884be
2025-11-20 09:01:55,247,1,-8.3,ec4017f23808a454
2025-11-20 09:02:33,247,1,-8.4,ec4017f24808b47e
2025-11-20 09:03:13,247,1,-8.5,ec4017f25808c40b
2025-11-20 09:03:52,247,1,-8.6,ec4017f26808d494
2025-11-20 09:04:31,247,1,-8.7,ec4017f27808e4e1
2025-11-20 09:05:10,247,1,-8.8,ec4017f28808f4a0
2025-11-20 09:05:48,247,1,-9.0,ec4017f20908849a
2025-11-20 09:07:07,247,1,-9.1,ec4017f2190894ef
2025-11-20 09:07:46,247,1,-9.3,ec4017f23908b405
2025-11-20 09:08:25,247,1,-9.4,ec4017f24908c42f
2025-11-20 09:09:43,247,1,-9.6,ec4017f26908e4c5
2025-11-20 09:10:22,247,1,-9.7,ec4017f27908f4b0
2025-11-20 09:11:40,247,1,-9.9,ec4017f299081584
2025-11-20 09:12:58,247,1,-10.1,ec4017f210181433
2025-11-20 09:14:16,247,1,-10.3,ec4017f2301834d9
2025-11-20 09:15:34,247,1,-10.5,ec4017f250185486
2025-11-20 09:16:52,247,1,-10.7,ec4017f27018746c
2025-11-20 09:18:10,247,1,-10.8,ec4017f28018842d
2025-11-20 09:18:49,247,1,-10.9,ec4017f290189458
2025-11-20 09:19:28,247,1,-11.0,ec4017f201181417
2025-11-20 09:20:07,247,1,-11.1,ec4017f211182462
2025-11-20 09:20:46,247,1,-11.2,ec4017f2211834fd
2025-11-20 09:22:04,247,1,-11.4,ec4017f2411854a2
2025-11-20 09:22:43,247,1,-11.5,ec4017f2511864d7
2025-11-20 09:24:01,247,1,-11.7,ec4017f27118843d
2025-11-20 09:25:19,247,1,-11.8,ec4017f28118947c
2025-11-20 09:25:58,247,1,-11.9,ec4017f29118a409
2025-11-20 09:26:37,247,1,-12.0,ec4017f2021824e4
2025-11-20 09:27:16,247,1,-12.1,ec4017f212183491
2025-11-20 09:27:55,247,1,-12.2,ec4017f22218440e
2025-11-20 09:28:34,247,1,-12.3,ec4017f23218547b
2025-11-20 09:29:13,247,1,-12.4,ec4017f242186451
2025-11-20 09:29:52,247,1,-12.5,ec4017f252187424
2025-11-20 09:31:10,247,1,-12.6,ec4017f2621884bb
2025-11-20 09:31:49,247,1,-12.8,ec4017f28218a48f
2025-11-20 09:33:07,247,1,-12.9,ec4017f29218b4fa
2025-11-20 09:33:46,247,1,-13.0,ec4017f2031834b5
2025-11-20 09:35:04,247,1,-13.1,ec4017f2131844c0
2025-11-20 09:35:43,247,1,-13.2,ec4017f22318545f
2025-11-20 09:37:01,247,1,-13.4,ec4017f243187400
2025-11-20 09:37:40,247,1,-13.5,ec4017f253188475
2025-11-20 09:38:58,247,1,-13.6,ec4017f2631894ea
2025-11-20 09:39:38,247,1,-13.7,ec4017f27318a49f
2025-11-20 09:40:55,247,1,-13.8,ec4017f28318b4de
2025-11-20 09:42:13,247,1,-13.9,ec4017f29318c4ab
2025-11-20 09:42:53,247,1,-14.0,ec4017f204184403
2025-11-20 09:44:10,247,1,-14.1,ec4017f214185476
2025-11-20 09:44:49,247,1,-14.2,ec4017f2241864e9
2025-11-20 09:45:28,247,1,-14.3,ec4017f23418749c
2025-11-20 09:47:26,247,1,-14.4,ec4017f2441884b6
2025-11-20 09:48:05,247,1,-14.5,ec4017f2541894c3
2025-11-20 09:49:23,247,1,-14.6,ec4017f26418a45c
2025-11-20 09:51:20,247,1,-14.7,ec4017f27418b429
2025-11-20 09:51:58,247,1,-14.8,ec4017f28418c468
2025-11-20 09:53:16,247,1,-14.9,ec4017f29418d41d
2025-11-20 09:53:56,247,1,-15.0,ec4017f205185452
2025-11-20 09:56:31,247,1,-15.1,ec4017f215186427
2025-11-20 09:57:11,247,1,-15.2,ec4017f2251874b8
2025-11-20 09:58:28,247,1,-15.3,ec4017f2351884cd
2025-11-20 10:00:26,247,1,-15.4,ec4017f2451894e7
2025-11-20 10:01:43,247,1,-15.5,ec4017f25518a492
2025-11-20 10:02:23,247,1,-15.6,ec4017f26518b40d
2025-11-20 10:04:20,247,1,-15.7,ec4017f27518c478
2025-11-20 10:05:38,247,1,-15.8,ec4017f28518d439
2025-11-20 10:06:56,247,1,-15.9,ec4017f29518e44c
2025-11-20 10:08:14,247,1,-16.0,ec4017f2061864a1
2025-11-20 10:18:38,247,1,-14.6,ec4017f064188431
2025-11-20 10:19:17,247,1,-14.3,ec4017f0341854f1
2025-11-20 10:19:56,247,1,-14.1,ec4017f01418341b
2025-11-20 10:20:35,247,1,-13.9,ec4017f09318a4c6
2025-11-20 10:21:14,247,1,-13.6,ec4017f063187487
2025-11-20 10:21:53,247,1,-13.5,ec4017f053186418
2025-11-20 10:22:32,247,1,-13.2,ec4017f023183432
2025-11-20 10:23:11,247,1,-12.9,ec4017f092189497
2025-11-20 10:23:50,247,1,-12.7,ec4017f0721874a3
2025-11-20 10:24:29,247,1,-12.5,ec4017f052185449
2025-11-20 10:25:08,247,1,-12.2,ec4017f022182463
2025-11-20 10:25:47,247,1,-11.9,ec4017f091188464
2025-11-20 10:26:26,247,1,-11.6,ec4017f061185425
2025-11-20 10:27:05,247,1,-11.4,ec4017f0411834cf
2025-11-20 10:27:44,247,1,-11.1,ec4017f01118040f
2025-11-20 10:28:23,247,1,-10.8,ec4017f080186440
2025-11-20 10:29:02,247,1,-10.5,ec4017f0501834eb
2025-11-20 10:29:41,247,1,-10.2,ec4017f0201804c1
2025-11-20 10:30:20,247,1,-10.0,ec4017f00018e32b
2025-11-20 10:30:59,247,1,-9.7,ec4017f07908d4dd
2025-11-20 10:31:38,247,1,-9.4,ec4017f04908a442
2025-11-20 10:32:17,247,1,-9.2,ec4017f02908841d
2025-11-20 10:32:56,247,1,-8.9,ec4017f09808e4b8
2025-11-20 10:33:35,247,1,-8.6,ec4017f06808b4f9
2025-11-20 10:34:15,247,1,-8.3,ec4017f038088439
2025-11-20 10:34:53,247,1,-8.0,ec4017f0080854a6
2025-11-20 10:35:32,247,1,-7.8,ec4017f08708c4f1
2025-11-20 10:36:11,247,1,-7.5,ec4017f05708945a
2025-11-20 10:36:50,247,1,-7.2,ec4017f027086470
2025-11-20 10:37:29,247,1,-7.0,ec4017f00708449a
2025-11-20 10:38:08,247,1,-6.7,ec4017f07608a4e1
2025-11-20 10:38:48,247,1,-6.4,ec4017f04608747e
2025-11-20 10:39:26,247,1,-6.2,ec4017f026085421
2025-11-20 10:40:05,247,1,-5.9,ec4017f09508b426
2025-11-20 10:40:44,247,1,-5.7,ec4017f075089412
2025-11-20 10:41:23,247,1,-5.4,ec4017f04508648d
2025-11-20 10:42:03,247,1,-5.1,ec4017f01508344d
2025-11-20 10:42:41,247,1,-4.8,ec4017f084089402
2025-11-20 10:43:21,247,1,-4.6,ec4017f064087436
2025-11-20 10:43:59,247,1,-4.4,ec4017f0440854dc
2025-11-20 10:44:38,247,1,-4.1,ec4017f01408241c
2025-11-20 10:45:18,247,1,-3.9,ec4017f0930894c1
2025-11-20 10:45:56,247,1,-3.6,ec4017f063086480
2025-11-20 10:47:15,247,1,-3.2,ec4017f023082435
2025-11-20 10:48:33,247,1,-2.7,ec4017f0720864a4
2025-11-20 10:49:11,247,1,-2.4,ec4017f14208448d
2025-11-20 10:49:51,247,1,-2.2,ec4017f1220824d2
2025-11-20 10:50:30,247,1,-2.0,ec4017f102080438
2025-11-20 10:51:08,247,1,-1.7,ec4017f1710864e1
2025-11-20 10:51:48,247,1,-1.5,ec4017f15108440b
2025-11-20 10:52:26,247,1,-1.3,ec4017f131082454
2025-11-20 10:53:06,247,1,-1.0,ec4017f10108f3cb
2025-11-20 10:53:45,247,1,-0.8,ec4017f1800864f1
2025-11-20 10:54:23,247,1,-0.6,ec4017f1600844c5
2025-11-20 10:55:03,247,1,-0.4,ec4017f14008242f
2025-11-20 10:55:41,247,1,-0.2,ec4017f120080470
2025-11-20 10:56:21,247,1,-0.0,ec4017f10008e39a
2025-11-20 10:57:00,247,1,0.2,ec4017f1200083f3
2025-11-20 10:57:38,247,1,0.3,ec4017f130009386
2025-11-20 10:58:18,247,1,0.6,ec4017f16000c346
2025-11-20 10:59:36,247,1,1.0,ec4017f101007348
2025-11-20 11:00:15,247,1,1.2,ec4017f1210093a2
2025-11-20 11:00:53,247,1,1.3,ec4017f13100a3d7
2025-11-20 11:01:33,247,1,1.6,ec4017f16100d317
2025-11-20 11:02:12,247,1,1.7,ec4017f17100e362
2025-11-20 11:02:51,247,1,1.9,ec4017f191000456
2025-11-20 11:03:30,247,1,2.1,ec4017f1120093ce
2025-11-20 11:04:08,247,1,2.3,ec4017f13200b324
2025-11-20 11:04:48,247,1,2.5,ec4017f15200d37b
2025-11-20 11:05:27,247,1,2.7,ec4017f17200f391
2025-11-20 11:06:06,247,1,2.8,ec4017f1820004d0
2025-11-20 11:06:45,247,1,3.0,ec4017f1030093ea
2025-11-20 11:07:24,247,1,3.2,ec4017f12300b300
2025-11-20 11:08:03,247,1,3.4,ec4017f14300d35f
2025-11-20 11:08:42,247,1,3.5,ec4017f15300e32a
2025-11-20 11:09:21,247,1,3.7,ec4017f1730004c0
2025-11-20 11:10:00,247,1,3.9,ec4017f1930024f4
2025-11-20 11:10:39,247,1,4.1,ec4017f11400b329
2025-11-20 11:11:57,247,1,4.4,ec4017f14400e3e9
2025-11-20 11:12:36,247,1,4.6,ec4017f164000403
2025-11-20 11:13:15,247,1,4.7,ec4017f174001476
2025-11-20 11:13:54,247,1,4.8,ec4017f184002437
2025-11-20 11:14:33,247,1,5.0,ec4017f10500b30d
2025-11-20 11:15:12,247,1,5.2,ec4017f12500d3e7
2025-11-20 11:15:51,247,1,5.3,ec4017f13500e392
2025-11-20 11:16:30,247,1,5.5,ec4017f1550004cd
2025-11-20 11:17:09,247,1,5.6,ec4017f165001452
2025-11-20 11:17:48,247,1,5.8,ec4017f185003466
2025-11-20 11:18:27,247,1,5.9,ec4017f195004413
2025-11-20 11:19:06,247,1,6.1,ec4017f11600d38b
2025-11-20 11:19:45,247,1,6.2,ec4017f12600e314
2025-11-20 11:20:24,247,1,6.4,ec4017f14600044b
2025-11-20 11:21:03,247,1,6.5,ec4017f15600143e
2025-11-20 11:21:42,247,1,6.6,ec4017f1660024a1
2025-11-20 11:22:21,247,1,6.8,ec4017f186004495
2025-11-20 11:23:00,247,1,6.9,ec4017f1960054e0
2025-11-20 11:24:18,247,1,7.2,ec4017f12700f345
2025-11-20 11:24:57,247,1,7.3,ec4017f137000430
2025-11-20 11:25:36,247,1,7.4,ec4017f14700141a
2025-11-20 11:26:15,247,1,7.5,ec4017f15700246f
2025-11-20 11:26:54,247,1,7.7,ec4017f177004485
2025-11-20 11:27:33,247,1,7.8,ec4017f1870054c4
2025-11-20 11:28:12,247,1,7.9,ec4017f1970064b1
2025-11-20 11:28:51,247,1,8.0,ec4017f10800e393
2025-11-20 11:29:30,247,1,8.1,ec4017f11800f3e6
2025-11-20 11:30:09,247,1,8.2,ec4017f128000479
2025-11-20 11:30:48,247,1,8.4,ec4017f148002426
2025-11-20 11:31:27,247,1,8.5,ec4017f158003453
2025-11-20 11:32:06,247,1,8.6,ec4017f1680044cc
2025-11-20 11:33:24,247,1,8.8,ec4017f1880064f8
2025-11-20 11:34:03,247,1,8.9,ec4017f19800748d
2025-11-20 11:34:42,247,1,9.0,ec4017f10900f3c2
2025-11-20 11:35:21,247,1,9.1,ec4017f1190004b7
2025-11-20 11:36:00,247,1,9.3,ec4017f13900245d
2025-11-20 11:37:18,247,1,9.5,ec4017f159004402
2025-11-20 11:37:58,247,1,9.6,ec4017f16900549d
2025-11-20 11:38:36,247,1,9.7,ec4017f1790064e8
2025-11-20 11:39:15,247,1,9.8,ec4017f1890074a9
2025-11-20 11:39:54,247,1,9.9,ec4017f1990084dc
2025-11-20 11:40:33,247,1,10.0,ec4017f10010731e
2025-11-20 11:41:13,247,1,10.1,ec4017f11010836b
2025-11-20 11:41:51,247,1,10.2,ec4017f1201093f4
2025-11-20 11:42:30,247,1,10.3,ec4017f13010a381
2025-11-20 11:43:09,247,1,10.4,ec4017f14010b3ab
2025-11-20 11:43:48,247,1,10.5,ec4017f15010c3de
2025-11-20 11:45:06,247,1,10.6,ec4017f16010d341
2025-11-20 11:45:45,247,1,10.7,ec4017f17010e334
2025-11-20 11:46:25,247,1,10.8,ec4017f18010f375
2025-11-20 11:47:03,247,1,10.9,ec4017f190100400
2025-11-20 11:47:43,247,1,11.0,ec4017f10110834f
2025-11-20 11:48:21,247,1,11.1,ec4017f11110933a
2025-11-20 11:49:00,247,1,11.2,ec4017f12110a3a5
2025-11-20 11:50:18,247,1,11.3,ec4017f13110b3d0
2025-11-20 11:50:57,247,1,11.4,ec4017f14110c3fa
2025-11-20 11:52:15,247,1,11.5,ec4017f15110d38f
2025-11-20 11:52:55,247,1,11.6,ec4017f16110e310
2025-11-20 11:53:33,247,1,11.7,ec4017f17110f365
2025-11-20 11:54:13,247,1,11.8,ec4017f181100424
2025-11-20 11:55:30,247,1,11.9,ec4017f191101451
2025-11-20 11:56:10,247,1,12.0,ec4017f1021093bc
2025-11-20 11:56:48,247,1,12.1,ec4017f11210a3c9
2025-11-20 11:58:07,247,1,12.2,ec4017f12210b356
2025-11-20 11:58:45,247,1,12.3,ec4017f13210c323
2025-11-20 12:00:03,247,1,12.4,ec4017f14210d309
2025-11-20 12:00:43,247,1,12.5,ec4017f15210e37c
2025-11-20 12:02:00,247,1,12.6,ec4017f16210f3e3
2025-11-20 12:02:40,247,1,12.7,ec4017f172100496
2025-11-20 12:03:58,247,1,12.8,ec4017f1821014d7
2025-11-20 12:05:16,247,1,12.9,ec4017f1921024a2
2025-11-20 12:06:34,247,1,13.0,ec4017f10310a3ed
2025-11-20 12:07:13,247,1,13.1,ec4017f11310b398
2025-11-20 12:07:52,247,1,13.2,ec4017f12310c307
2025-11-20 12:09:10,247,1,13.3,ec4017f13310d372
2025-11-20 12:09:49,247,1,13.4,ec4017f14310e358
2025-11-20 12:11:46,247,1,13.5,ec4017f15310f32d
2025-11-20 12:12:25,247,1,13.6,ec4017f1631004b2
2025-11-20 12:13:43,247,1,13.7,ec4017f1731014c7
2025-11-20 12:14:22,247,1,13.8,ec4017f183102486
2025-11-20 12:15:40,247,1,13.9,ec4017f1931034f3
2025-11-20 12:17:37,247,1,14.0,ec4017f10410b35b
2025-11-20 12:18:16,247,1,14.1,ec4017f11410c32e
2025-11-20 12:20:13,247,1,14.2,ec4017f12410d3b1
2025-11-20 12:21:31,247,1,14.3,ec4017f13410e3c4
2025-11-20 12:22:49,247,1,14.4,ec4017f14410f3ee
2025-11-20 12:24:07,247,1,14.5,ec4017f15410049b
2025-11-20 12:26:04,247,1,14.6,ec4017f164101404
2025-11-20 12:27:22,247,1,14.7,ec4017f174102471
2025-11-20 12:28:40,247,1,14.8,ec4017f184103430
2025-11-20 12:29:58,247,1,14.9,ec4017f194104445
2025-11-20 12:32:34,247,1,15.0,ec4017f10510c30a
2025-11-20 12:33:52,247,1,15.1,ec4017f11510d37f
2025-11-20 12:35:49,247,1,15.2,ec4017f12510e3e0
2025-11-20 12:37:46,247,1,15.3,ec4017f13510f395
2025-11-20 12:39:43,247,1,15.4,ec4017f1451004bf
2025-11-20 12:41:01,247,1,15.5,ec4017f1551014ca
2025-11-20 12:42:58,247,1,15.6,ec4017f165102455
2025-11-20 12:44:55,247,1,15.7,ec4017f175103420
2025-11-20 12:47:31,247,1,15.8,ec4017f185104461
2025-11-20 12:48:50,247,1,15.9,ec4017f195105414
2025-11-20 12:52:05,247,1,16.0,ec4017f10610d3f9
2025-11-20 12:54:40,247,1,16.1,ec4017f11610e38c
2025-11-20 12:56:37,247,1,16.2,ec4017f12610f313
2025-11-20 12:58:35,247,1,16.3,ec4017f136100466
2025-11-20 13:01:10,247,1,16.4,ec4017f14610144c
2025-11-20 13:03:47,247,1,16.5,ec4017f156102439
2025-11-20 13:07:02,247,1,16.6,ec4017f1661034a6
2025-11-20 13:09:37,247,1,16.7,ec4017f1761044d3
2025-11-20 13:12:14,247,1,16.8,ec4017f186105492
2025-11-20 13:14:50,247,1,16.9,ec4017f1961064e7
2025-11-20 13:18:05,247,1,17.0,ec4017f10710e3a8
2025-11-20 13:21:20,247,1,17.1,ec4017f11710f3dd
2025-11-20 13:23:56,247,1,17.2,ec4017f127100442
2025-11-20 13:27:50,247,1,17.3,ec4017f137101437
2025-11-20 13:31:05,247,1,17.4,ec4017f14710241d
2025-11-20 13:34:59,247,1,17.5,ec4017f157103468
2025-11-20 13:40:11,247,1,17.6,ec4017f1671044f7
2025-11-20 13:43:26,247,1,17.7,ec4017f177105482
2025-11-20 13:47:59,247,1,17.8,ec4017f1871064c3
2025-11-20 13:54:29,247,1,17.9,ec4017f1971074b6
2025-11-20 13:59:42,247,1,18.0,ec4017f10810f394
2025-11-20 17:54:24,247,1,19.1,ec4017f019100406
2025-11-20 17:55:42,247,1,20.1,ec4017f0102083d4
2025-11-20 17:56:21,247,1,21.5,ec4017f05120d330
2025-11-20 17:57:00,247,1,22.5,ec4017f05220e3c3
2025-11-20 17:57:39,247,1,23.3,ec4017f03320d3cd
2025-11-20 17:58:18,247,1,24.0,ec4017f00420b3e4
2025-11-20 17:58:57,247,1,24.2,ec4017f02420d30e
2025-11-20 17:59:36,247,1,24.4,ec4017f04420f351
2025-11-20 18:00:15,247,1,24.5,ec4017f054200424
2025-11-20 18:00:54,247,1,24.7,ec4017f0742024ce
2025-11-20 18:02:12,247,1,25.1,ec4017f01520d3c0
2025-11-20 18:02:51,247,1,25.3,ec4017f03520f32a
2025-11-20 18:03:30,247,1,25.4,ec4017f045200400
2025-11-20 18:04:09,247,1,25.6,ec4017f0652024ea
2025-11-20 18:04:48,247,1,25.7,ec4017f07520349f
2025-11-20 18:05:27,247,1,25.9,ec4017f0952054ab
2025-11-20 18:06:06,247,1,26.1,ec4017f01620e333
2025-11-20 18:06:45,247,1,26.2,ec4017f02620f3ac
2025-11-20 18:07:24,247,1,26.3,ec4017f0362004d9
2025-11-20 18:08:03,247,1,26.5,ec4017f056202486
2025-11-20 18:08:42,247,1,26.6,ec4017f066203419
2025-11-20 18:09:21,247,1,26.8,ec4017f08620542d
2025-11-20 18:10:39,247,1,27.0,ec4017f00720e317
2025-11-20 18:14:33,247,1,24.1,ec4017f01420c391
2025-11-20 18:15:12,247,1,23.7,ec4017f073201478
2025-11-20 18:15:51,247,1,23.4,ec4017f04320e3e7
2025-11-20 18:17:48,247,1,23.2,ec4017f02320c3b8
2025-11-20 18:18:27,247,1,23.1,ec4017f01320b327
2025-11-20 18:19:06,247,1,23.6,ec4017f1632014bb
2025-11-20 18:19:45,247,1,24.3,ec4017f13420f3cd
2025-11-20 18:20:24,247,1,24.9,ec4017f19420544c
2025-11-20 18:21:03,247,1,25.4,ec4017f1452014b6
2025-11-20 18:21:42,247,1,25.9,ec4017f19520641d
2025-11-20 18:22:21,247,1,26.3,ec4017f13620146f
2025-11-20 18:23:00,247,1,26.6,ec4017f1662044af
2025-11-20 18:23:39,247,1,27.0,ec4017f10720f3a1
2025-11-20 18:24:18,247,1,27.2,ec4017f12720144b
2025-11-20 18:24:57,247,1,27.1,ec4017f1172004d4
2025-11-20 18:28:12,247,1,24.5,ec4017f154201492
2025-11-20 18:28:51,247,1,24.1,ec4017f11420d327
2025-11-20 18:29:30,247,1,23.9,ec4017f1932044fa
2025-11-20 18:30:48,247,1,23.3,ec4017f13320e37b
2025-11-20 18:31:27,247,1,23.1,ec4017f11320c391
2025-11-20 18:32:06,247,1,22.9,ec4017f1922034ab
2025-11-20 18:32:45,247,1,22.7,ec4017f17220149f
2025-11-20 18:33:25,247,1,22.6,ec4017f1622004ea
2025-11-20 18:34:03,247,1,22.5,ec4017f15220f375
2025-11-20 18:34:43,247,1,22.3,ec4017f13220d32a
2025-11-20 18:36:00,247,1,22.2,ec4017f12220c35f
2025-11-20 18:36:40,247,1,22.1,ec4017f11220b3c0
2025-11-20 18:37:18,247,1,22.0,ec4017f10220a3b5
2025-11-20 18:38:37,247,1,21.9,ec4017f191202458
2025-11-20 18:39:15,247,1,21.8,ec4017f18120142d
2025-11-20 18:45:07,247,1,21.7,ec4017f17120046c
2025-11-20 18:46:25,247,1,21.6,ec4017f16120f319
2025-11-20 18:47:04,247,1,21.5,ec4017f15120e386
2025-11-20 18:48:22,247,1,21.4,ec4017f14120d3f3
2025-11-20 18:49:00,247,1,21.4,ec4017f24120e328
2025-11-20 18:49:40,247,1,21.3,ec4017f23120d302
2025-11-20 18:50:58,247,1,21.2,ec4017f22120c377
2025-11-20 18:51:37,247,1,21.1,ec4017f21120b3e8
2025-11-20 18:53:34,247,1,21.0,ec4017f20120a39d
2025-11-20 18:54:52,247,1,20.9,ec4017f2902024d2
2025-11-20 18:56:10,247,1,20.8,ec4017f2802014a7
2025-11-20 18:58:07,247,1,20.7,ec4017f2702004e6
2025-11-20 19:00:04,247,1,20.6,ec4017f26020f393
2025-11-20 19:01:22,247,1,20.5,ec4017f25020e30c
2025-11-20 19:02:40,247,1,20.4,ec4017f24020d379
2025-11-20 19:05:16,247,1,20.3,ec4017f23020c353
2025-11-20 19:07:13,247,1,20.2,ec4017f22020b326
2025-11-20 19:09:10,247,1,20.1,ec4017f21020a3b9
2025-11-20 19:12:25,247,1,20.0,ec4017f2002093cc
2025-11-20 19:16:58,247,1,19.6,ec4017f269107441
2025-11-20 19:18:16,247,1,18.5,ec4017f25810548f
2025-11-20 19:18:55,247,1,18.0,ec4017f20810044f
2025-11-20 19:20:13,247,1,17.1,ec4017f217100406
2025-11-20 19:20:52,247,1,16.8,ec4017f286106449
2025-11-20 19:21:31,247,1,16.6,ec4017f26610447d
2025-11-20 19:22:10,247,1,16.3,ec4017f2361014bd
2025-11-20 19:22:49,247,1,16.0,ec4017f20610e322
2025-11-20 19:23:28,247,1,15.8,ec4017f2851054ba
2025-11-20 19:24:07,247,1,15.5,ec4017f255102411
2025-11-20 19:24:46,247,1,15.2,ec4017f22510f33b
2025-11-20 19:25:25,247,1,15.1,ec4017f21510e3a4
2025-11-20 19:26:43,247,1,15.4,ec4017f245101464
2025-11-20 19:28:01,247,1,16.1,ec4017f21610f357
2025-11-20 19:30:37,247,1,16.9,ec4017f29610743c
2025-11-20 19:31:55,247,1,17.2,ec4017f227101499
2025-11-20 19:32:34,247,1,17.4,ec4017f2471034c6
2025-11-20 19:33:13,247,1,17.5,ec4017f2571044b3
2025-11-20 19:33:52,247,1,17.6,ec4017f26710542c
2025-11-20 19:35:10,247,1,17.7,ec4017f277106459
2025-11-20 19:35:49,247,1,17.8,ec4017f287107418
2025-11-20 19:36:28,247,1,17.9,ec4017f29710846d
2025-11-20 19:39:05,247,1,18.1,ec4017f21810143a
2025-11-20 19:40:22,247,1,18.2,ec4017f2281024a5
2025-11-20 19:42:20,247,1,18.3,ec4017f2381034d0
2025-11-20 19:43:37,247,1,22.1,ec4017f21220c31b
2025-11-20 19:44:17,247,1,25.8,ec4017f2852064b3
2025-11-20 19:44:55,247,1,34.6,ec4017f2643044d1
2025-11-20 19:46:14,247,1,41.5,ec4017f25140142f
2025-11-20 19:46:52,247,1,47.3,ec4017f237405497
2025-11-20 19:47:32,247,1,58.6,ec4017f26850a46c
2025-11-20 19:48:10,247,1,56.5,ec4017f25650749e
2025-11-20 19:48:50,247,1,48.9,ec4017f19840b4f1
2025-11-20 19:49:29,247,1,45.9,ec4017f19540846f
2025-11-20 19:50:07,247,1,50.2,ec4017f12050d388
2025-11-20 19:50:47,247,1,57.0,ec4017f1075024d4
2025-11-20 19:51:26,247,1,57.1,ec4017f1175034a1
2025-11-20 19:52:05,247,1,53.1,ec4017f11350f3e4
2025-11-20 19:52:44,247,1,49.6,ec4017f1694094e1
2025-11-20 19:53:22,247,1,52.6,ec4017f16250349f
2025-11-20 19:54:02,247,1,51.5,ec4017f1515014f3
2025-11-20 19:54:41,247,1,46.6,ec4017f1664064dd
2025-11-20 19:55:20,247,1,43.4,ec4017f143401423
2025-11-20 19:55:59,247,1,41.3,ec4017f13140e3ab
2025-11-20 19:56:37,247,1,51.0,ec4017f10150c333
2025-11-20 19:57:17,247,1,61.4,ec4017f14160148f
2025-11-20 19:57:56,247,1,57.9,ec4017f19750b4ca
2025-11-20 20:00:32,247,1,43.0,ec4017f10340d396
2025-11-20 20:01:11,247,1,40.7,ec4017f17040144f
2025-11-20 20:01:50,247,1,38.6,ec4017f1683074c5
2025-11-20 20:02:29,247,1,36.9,ec4017f1963084e9
2025-11-20 20:03:08,247,1,35.3,ec4017f13530149b
2025-11-20 20:03:47,247,1,34.0,ec4017f10430d355
2025-11-20 20:04:26,247,1,32.8,ec4017f1823034d9
2025-11-20 20:05:05,247,1,31.7,ec4017f17130146b
2025-11-20 20:05:44,247,1,30.7,ec4017f17030043a
2025-11-20 20:06:23,247,1,29.9,ec4017f19920a4d2
2025-11-20 20:07:02,247,1,29.2,ec4017f129203426
2025-11-20 20:07:41,247,1,28.6,ec4017f1682064c2
2025-11-20 20:08:20,247,1,28.0,ec4017f10820049d
2025-11-20 20:08:59,247,1,27.6,ec4017f1672054fe
2025-11-20 20:10:17,247,1,26.7,ec4017f1762054da
2025-11-20 20:11:35,247,1,26.0,ec4017f10620e3f0
2025-11-20 20:12:14,247,1,25.6,ec4017f16520345c
2025-11-20 20:13:32,247,1,25.2,ec4017f12520f3e9
2025-11-20 20:14:50,247,1,24.7,ec4017f174203478
2025-11-20 20:15:29,247,1,24.6,ec4017f16420240d
2025-11-20 20:16:08,247,1,24.4,ec4017f1442004e7
2025-11-20 20:16:47,247,1,24.2,ec4017f12420e3b8
2025-11-20 20:17:26,247,1,24.0,ec4017f10420c352
2025-12-03 20:16:49,173,1,18.1,ec401da21810243a
2025-12-03 20:17:28,173,1,18.1,ec401da20810144f
2025-12-03 20:25:16,173,1,18.0,ec401da29710946d
2025-12-03 20:27:13,173,1,18.1,ec401da279109434
2025-12-03 20:27:52,173,1,19.7,ec401da2491064ab
2025-12-03 20:28:31,173,1,19.4,ec401da2291044f4
2025-12-03 20:29:10,173,1,19.2,ec401da21910346b
2025-12-03 20:29:49,173,1,19.1,ec401da239105481
2025-12-03 20:30:28,173,1,19.3,ec401da22220e384
2025-12-03 20:31:07,173,1,22.2,ec401da21420f3fc
2025-12-03 20:31:47,173,1,24.1,ec401da235202447
2025-12-03 20:32:25,173,1,25.3,ec401da2262024c1
2025-12-03 20:33:04,173,1,26.2,ec401da286208440
2025-12-03 20:33:43,173,1,26.8,ec401da2372044e5
2025-12-03 20:34:22,173,1,27.3,ec401da277208450
2025-12-03 20:35:02,173,1,27.7,ec401da218203433
2025-12-03 20:35:40,173,1,28.1,ec401da2482064f3
2025-12-03 20:36:19,173,1,28.4,ec401da268208419
2025-12-03 20:36:58,173,1,28.6,ec401da29820b458
2025-12-03 20:37:37,173,1,28.9,ec401da1192034b9
2025-12-03 20:38:17,173,1,29.1,ec401da139205453
2025-12-03 20:38:55,173,1,29.3,ec401da15920740c
2025-12-03 20:39:34,173,1,29.5,ec401da169208493
2025-12-03 20:40:52,173,1,29.6,ec401da19920b4d2
2025-12-03 20:41:32,173,1,29.9,ec401da10030a310
2025-12-03 20:42:10,173,1,30.0,ec401da12030c3fa
2025-12-03 20:42:49,173,1,30.2,ec401da13030d38f
2025-12-03 20:43:29,173,1,30.3,ec401da14030e3a5
2025-12-03 20:44:07,173,1,30.4,ec401da15030f3d0
2025-12-03 20:44:47,173,1,30.5,ec401da16030044f
2025-12-03 20:45:25,173,1,30.6,ec401da17030143a
2025-12-03 20:46:04,173,1,30.7,ec401da18030247b
2025-12-03 20:46:44,173,1,30.8,ec401da19030340e
2025-12-03 20:47:22,173,1,30.9,ec401da10130b341
2025-12-03 20:48:02,173,1,31.0,ec401da11130c334
2025-12-03 20:48:41,173,1,31.1,ec401da12130d3ab
2025-12-03 20:49:20,173,1,31.2,ec401da13130e3de
2025-12-03 20:49:59,173,1,31.3,ec401da14130f3f4
2025-12-03 20:50:37,173,1,31.4,ec401da151300481
2025-12-03 20:51:17,173,1,31.5,ec401da16130141e
2025-12-03 20:52:35,173,1,31.6,ec401da17130246b
2025-12-03 20:53:14,173,1,31.7,ec401da18130342a
2025-12-03 20:53:52,173,1,31.8,ec401da19130445f
2025-12-03 20:54:32,173,1,31.9,ec401da10230c3b2
2025-12-03 20:55:50,173,1,32.0,ec401da11230d3c7
2025-12-03 20:56:29,173,1,32.1,ec401da12230e358
2025-12-03 20:57:47,173,1,32.2,ec401da13230f32d
2025-12-03 20:59:05,173,1,32.3,ec401da142300407
2025-12-03 20:59:44,173,1,32.4,ec401da152301472
2025-12-03 21:01:02,173,1,32.5,ec401da1623024ed
2025-12-03 21:01:41,173,1,32.6,ec401da172303498
2025-12-03 21:03:38,173,1,32.7,ec401da1823044d9
2025-12-03 21:04:17,173,1,32.9,ec401da1923054ac
2025-12-03 21:05:35,173,1,32.9,ec401da10330d3e3
2025-12-03 21:06:53,173,1,33.0,ec401da11330e396
2025-12-03 21:08:11,173,1,33.1,ec401da12330f309
2025-12-03 21:09:29,173,1,33.2,ec401da13330047c
2025-12-03 21:10:47,173,1,33.4,ec401da143301456
2025-12-03 21:17:56,173,1,33.3,ec401da153302423
2025-12-03 21:18:35,173,1,33.5,ec401da1733044c9
2025-12-03 21:19:14,173,1,33.7,ec401da183305488
2025-12-03 21:19:53,173,1,33.8,ec401da10430e355
2025-12-03 21:20:32,173,1,34.0,ec401da11430f320
2025-12-03 21:21:11,173,1,34.1,ec401da1243004bf
2025-12-03 21:21:50,173,1,34.2,ec401da1343014ca
2025-12-03 21:22:29,173,1,34.3,ec401da1443024e0
2025-12-03 21:23:08,173,1,34.4,ec401da154303495
2025-12-03 21:23:47,173,1,34.5,ec401da16430440a
2025-12-03 21:24:26,173,1,34.6,ec401da17430547f
2025-12-03 21:25:05,173,1,34.7,ec401da18430643e
2025-12-03 21:26:23,173,1,34.8,ec401da19430744b
2025-12-03 21:27:02,173,1,34.9,ec401da10530f304
2025-12-03 21:28:20,173,1,35.0,ec401da115300471
2025-12-03 21:29:38,173,1,35.1,ec401da1253014ee
2025-12-03 21:30:17,173,1,35.2,ec401da13530249b
2025-12-03 21:31:35,173,1,35.3,ec401da1453034b1
2025-12-03 21:33:32,173,1,35.4,ec401da1553044c4
2025-12-03 21:34:50,173,1,35.5,ec401da16530545b
2025-12-03 21:35:30,173,1,35.6,ec401da17530642e
2025-12-03 21:36:47,173,1,35.7,ec401da18530746f
2025-12-03 21:38:45,173,1,35.8,ec401da19530841a
2025-12-03 21:41:20,173,1,35.9,ec401da1063004f7
2025-12-03 21:43:57,173,1,36.0,ec401da116301482
2025-12-03 21:46:32,173,1,36.1,ec401da12630241d
2025-12-03 21:55:00,173,1,36.2,ec401da136303468
2025-12-03 21:55:24,173,1,36.3,ec40121816304321
2025-12-03 21:56:04,18,1,36.1,ec4012189430a3e8
2025-12-03 21:56:43,18,1,34.9,ec40121853305380
2025-12-03 21:57:21,18,1,33.5,ec401218423033a4
2025-12-03 21:58:01,18,1,32.4,ec4012183130137d
2025-12-03 21:58:39,18,1,31.3,ec40121840301306
2025-12-03 21:59:19,18,1,30.4,ec4012185920a3af
2025-12-03 21:59:58,18,1,29.5,ec4012188820c355
2025-12-03 22:00:36,18,1,28.8,ec4012181820534b
2025-12-03 22:01:16,18,1,28.1,ec401218572083c2
2025-12-03 22:01:54,18,1,27.5,ec4012189620b34d
2025-12-03 22:02:34,18,1,26.9,ec401218462063e6
2025-12-03 22:03:13,18,1,26.4,ec40121806202353
2025-12-03 22:03:51,18,1,26.0,ec40121855206360
2025-12-03 22:04:31,18,1,25.5,ec401218152023d5
2025-12-03 22:05:10,18,1,25.1,ec4012188420839a
2025-12-03 22:05:49,18,1,24.8,ec40121854205331
2025-12-03 22:06:28,18,1,24.5,ec4012182420231b
2025-12-03 22:07:06,18,1,24.2,ec40121893208359
2025-12-03 22:07:46,18,1,23.9,ec40121863205318
2025-12-03 22:08:25,18,1,23.6,ec401218332023d8
2025-12-03 22:09:04,18,1,23.3,ec40121813200332
2025-12-03 22:09:43,18,1,23.1,ec40121892207308
2025-12-03 22:10:21,18,1,22.9,ec40121862204349
2025-12-03 22:11:01,18,1,22.6,ec401218422023a3
2025-12-03 22:11:40,18,1,22.4,ec401218222003fc
2025-12-03 22:12:19,18,1,22.2,ec4012180220e216
2025-12-03 22:12:58,18,1,22.0,ec4012188120538e
2025-12-03 22:13:36,18,1,21.7,ec401218712043cf
2025-12-03 22:14:16,18,1,21.7,ec40121851202325
2025-12-03 22:14:55,18,1,21.5,ec40121841201350
2025-12-03 22:15:34,18,1,21.4,ec4012182120f20f
2025-12-03 22:16:13,18,1,21.2,ec4012181120e290
2025-12-03 22:16:52,18,1,21.1,ec4012180120d2e5
2025-12-03 22:17:31,18,1,21.0,ec401218902053aa
2025-12-03 22:18:10,18,1,20.8,ec401218802043df
2025-12-03 22:18:49,18,1,20.8,ec4012187020339e
2025-12-03 22:19:28,18,1,20.7,ec401218602023eb
2025-12-03 22:20:07,18,1,20.6,ec40121850201374
2025-12-03 22:20:46,18,1,20.5,ec40121840200301
2025-12-03 22:21:25,18,1,20.4,ec4012183020f22b
2025-12-03 22:22:43,18,1,20.3,ec4012182020e25e
2025-12-03 22:23:22,18,1,20.2,ec4012181020d2c1
2025-12-03 22:24:01,18,1,20.1,ec4012180020c2b4
2025-12-03 22:25:19,18,1,20.0,ec4012189910d378
2025-12-03 22:25:58,18,1,19.9,ec40121289106375
2025-12-03 22:27:55,18,1,19.8,ec40121279105334
2025-12-03 22:29:13,18,1,19.7,ec40121269104341
2025-12-03 22:29:52,18,1,19.6,ec401212591033de
2025-12-03 22:31:10,18,1,19.5,ec401212491023ab
2025-12-03 22:32:28,18,1,19.4,ec40121239101381
2025-12-03 22:37:40,18,1,19.8,ec40121299107300
2025-12-03 22:40:55,18,1,19.9,ec401212002062cc
2025-12-03 22:55:52,18,1,19.9,ec4012109910536d
2025-12-03 22:59:08,18,1,19.9,ec40121089104318
2025-12-03 23:06:56,18,1,19.8,ec40121079103359
2025-12-03 23:16:02,18,1,19.7,ec4012106910232c
2025-12-04 06:14:39,44,1,17.5,ec401c28571024cb
2025-12-04 07:13:44,44,1,17.5,ec4017488900340a
2025-12-04 07:15:02,71,1,9.8,ec40174841108359
2025-12-04 07:15:41,71,1,11.4,ec4017489110d3f2
2025-12-04 07:16:20,71,1,11.9,ec401748221073f5
2025-12-04 07:16:59,71,1,12.2,ec4017485210a3df
2025-12-04 07:17:38,71,1,12.5,ec4017488210d374
2025-12-04 07:18:17,71,1,12.8,ec4017480310634e
2025-12-04 07:18:56,71,1,13.0,ec401748331093d1
2025-12-04 07:19:35,71,1,13.3,ec4017486310c311
2025-12-04 07:20:14,71,1,13.6,ec4017488310e325
2025-12-04 07:20:53,71,1,13.8,ec4017489310f350
2025-12-04 07:21:32,71,1,13.9,ec4017481410838d
2025-12-04 07:22:11,71,1,14.1,ec40174824109312
2025-12-04 07:22:50,71,1,14.2,ec4017483410a367
2025-12-04 07:23:29,71,1,14.3,ec4017485410c338
2025-12-04 07:24:47,71,1,14.5,ec4017487410e3d2
2025-12-04 07:26:05,71,1,14.7,ec4017488410f393
2025-12-04 07:26:44,71,1,14.8,ec401748941004e6
2025-12-04 07:27:23,71,1,14.9,ec401748051083a9
2025-12-04 07:28:42,71,1,15.0,ec401748151093dc
2025-12-04 07:29:20,71,1,15.1,ec4017482510a343
2025-12-04 07:30:38,71,1,15.2,ec4017483510b336
2025-12-04 07:31:17,71,1,15.3,ec4017484510c31c
2025-12-04 07:32:35,71,1,15.4,ec4017485510d369
2025-12-04 07:33:53,71,1,15.5,ec4017486510e3f6
2025-12-04 07:35:12,71,1,15.6,ec4017487510f383
2025-12-04 07:36:29,71,1,15.7,ec401748851004c2
2025-12-04 07:38:27,71,1,15.8,ec401748951014b7
2025-12-04 07:41:02,71,1,15.9,ec4017480610935a
2025-12-04 07:43:39,71,1,16.0,ec4017411610338c
2025-12-04 07:45:36,71,1,16.1,ec40174126104313
2025-12-04 07:55:14,94,1,19.1,ec401e5819105413
2025-12-04 07:55:53,94,1,19.1,ec401e582910648c
2025-12-04 07:58:29,94,1,19.1,ec401e5809104466
2025-12-04 07:59:58,94,1,19.0,ec401dc898102529
2025-12-04 08:00:37,205,1,18.9,ec401dc81910b413
2025-12-04 08:01:16,205,1,19.1,ec401dc84910e4d3
2025-12-04 08:01:55,205,1,19.4,ec401dc869100539
2025-12-04 08:03:13,205,1,19.6,ec401dc899103578
2025-12-04 08:03:52,205,1,19.9,ec401dc83020542b
2025-12-04 08:04:32,205,1,20.3,ec401dc82120540f
2025-12-04 08:05:10,205,1,21.2,ec401dc89120c4fb
2025-12-04 08:05:50,205,1,21.9,ec401dc8522094d6
2025-12-04 08:06:28,205,1,22.5,ec401dc803205447
2025-12-04 08:07:07,205,1,23.0,ec401dc85320a487
2025-12-04 08:07:47,205,1,23.5,ec401dc89320e459
2025-12-04 08:08:25,205,1,23.9,ec401dc83420946e
2025-12-04 08:09:05,205,1,24.3,ec401dc87420d4db
2025-12-04 08:09:43,205,1,24.7,ec401dc8152084d5
2025-12-04 08:10:22,205,1,25.1,ec401dc84520b415
2025-12-04 08:11:02,205,1,25.4,ec401dc88520f4cb
2025-12-04 08:11:40,205,1,25.8,ec401dc816209426
2025-12-04 08:12:20,205,1,26.1,ec401dc84620c4e6
2025-12-04 08:12:59,205,1,26.4,ec401dc86620e40c
2025-12-04 08:13:37,205,1,26.6,ec401dc87620f479
2025-12-04 08:14:17,205,1,26.7,ec401dc89620154d
2025-12-04 08:14:55,205,1,26.9,ec401dc807209402
2025-12-04 08:15:35,205,1,27.0,ec401dc82720b4e8
2025-12-04 08:16:53,205,1,27.2,ec401dc83720c49d
2025-12-04 08:18:10,205,1,27.3,ec401dc84720d4b7
2025-12-04 08:19:29,205,1,27.4,ec401dc85720e4c2
2025-12-04 08:20:08,205,1,27.5,ec401dc86720f45d
2025-12-04 08:20:47,205,1,27.6,ec401dc877200528
2025-12-04 08:21:26,205,1,27.7,ec401dc89720251c
2025-12-04 08:22:05,205,1,27.9,ec401dc81820b44b
2025-12-04 08:22:44,205,1,28.1,ec401dc82820c4d4
2025-12-04 08:23:23,205,1,28.2,ec401dc84820e48b
2025-12-04 08:24:02,205,1,28.4,ec401dc878201514
2025-12-04 08:25:20,205,1,28.7,ec401dc868200561
2025-12-04 08:26:38,205,1,26.9,ec401dc83520a43f
2025-12-04 08:27:17,205,1,25.3,ec401dc88320d42c
2025-12-04 08:28:35,205,1,22.5,ec401dc841207450
2025-12-04 08:30:32,205,1,19.4,ec401dc1681084cb
2025-12-04 08:31:11,205,1,18.6,ec401dc1871094c3
2025-12-04 08:31:50,205,1,17.8,ec401dc137104437
2025-12-04 08:32:29,205,1,17.3,ec401dc1761074d3
2025-12-04 08:33:08,205,1,16.7,ec401dc126102413
2025-12-04 08:33:47,205,1,16.2,ec401dc185107461
2025-12-04 08:34:26,205,1,15.8,ec401dc1451034bf
2025-12-04 08:35:05,205,1,15.4,ec401dc10510f30a
2025-12-04 08:35:44,205,1,15.0,ec401dc174105471
2025-12-04 08:36:23,205,1,14.7,ec401dc1441024ee
2025-12-04 08:37:02,205,1,14.4,ec401dc11410f32e
2025-12-04 08:37:41,205,1,14.1,ec401dc183105486
2025-12-04 08:38:20,205,1,13.8,ec401dc1731044c7
2025-12-04 08:38:59,205,1,13.7,ec401dc143101458
2025-12-04 08:39:38,205,1,13.4,ec401dc12310f307
2025-12-04 08:40:17,205,1,13.2,ec401dc10310d3ed
2025-12-04 08:40:56,205,1,13.0,ec401dc1821044d7
2025-12-04 08:41:35,205,1,12.8,ec401dc1621024e3
2025-12-04 08:42:14,205,1,12.6,ec401dc142100409
2025-12-04 08:42:53,205,1,12.4,ec401dc13210f323
2025-12-04 08:43:32,205,1,12.3,ec401dc11210d3c9
2025-12-04 08:44:11,205,1,12.1,ec401dc10210c3bc
2025-12-04 08:44:50,205,1,12.0,ec401dc191104451
2025-12-04 08:45:29,205,1,11.9,ec401dc181103424
2025-12-04 08:46:47,205,1,11.8,ec401dc171102465
2025-12-04 08:48:05,205,1,11.7,ec401dc161101410
2025-12-04 08:51:20,205,1,11.6,ec401dc15110048f
2025-12-04 08:56:01,205,1,11.6,ec401f58611034b3
2025-12-04 08:56:40,95,1,11.6,ec401f58221004f5
2025-12-04 08:57:19,95,1,12.2,ec401f5882106474
2025-12-04 08:57:58,95,1,12.8,ec401f58231014a4
2025-12-04 08:58:37,95,1,13.2,ec401f5863105411
2025-12-04 08:59:16,95,1,13.6,ec401f5893108450
2025-12-04 08:59:55,95,1,13.9,ec401f5824102412
2025-12-04 09:00:34,95,1,14.2,ec401f584410444d
2025-12-04 09:01:13,95,1,14.4,ec401f58641064a7
2025-12-04 09:01:52,95,1,14.6,ec401f58741074d2
2025-12-04 09:02:31,95,1,14.7,ec401f58941094e6
2025-12-04 09:03:10,95,1,14.9,ec401f58051014a9
2025-12-04 09:03:49,95,1,15.0,ec401f58151024dc
2025-12-04 09:04:28,95,1,15.1,ec401f5835104436
2025-12-04 09:05:08,95,1,15.3,ec401f584510541c
2025-12-04 09:05:46,95,1,15.4,ec401f5855106469
2025-12-04 09:07:04,95,1,15.5,ec401f58651074f6
2025-12-04 09:07:43,95,1,15.6,ec401f5875108483
2025-12-04 09:08:23,95,1,15.7,ec401f58851094c2
2025-12-04 09:09:40,95,1,15.8,ec401f589510a4b7
2025-12-04 09:10:58,95,1,15.9,ec401f580610245a
2025-12-04 09:12:16,95,1,16.0,ec401f581610342f
2025-12-04 09:13:35,95,1,16.1,ec401f58261044b0
2025-12-04 09:15:31,95,1,16.2,ec401f58361054c5
2025-12-04 09:18:08,95,1,16.3,ec401f58461064ef
2025-12-04 09:19:25,95,1,16.4,ec401f585610749a
2025-12-04 09:22:02,95,1,16.5,ec401f5866108405
2025-12-04 09:25:17,95,1,16.6,ec401f5876109470
2025-12-04 09:26:35,95,1,16.6,ec401f51761024d3
2025-12-04 09:29:10,95,1,16.7,ec401f5186103492
2025-12-04 09:33:44,95,1,16.8,ec401f510710c3a8
2025-12-04 09:34:23,95,1,17.0,ec401f5157101468
2025-12-04 09:35:02,95,1,17.5,ec401f51971054b6
2025-12-04 09:35:41,95,1,17.9,ec401f512810f37e
2025-12-04 09:36:20,95,1,18.2,ec401f5158102454
2025-12-04 09:36:59,95,1,18.5,ec401f51881054ff
2025-12-04 09:37:38,95,1,18.8,ec401f510910e3c5
2025-12-04 09:38:17,95,1,19.0,ec401f512910042f
2025-12-04 09:38:56,95,1,19.2,ec401f5149102470
2025-12-04 09:39:35,95,1,19.4,ec401f5159103405
2025-12-04 09:40:14,95,1,19.5,ec401f516910449a
2025-12-04 09:40:53,95,1,19.6,ec401f51891064ae
2025-12-04 09:41:32,95,1,19.8,ec401f51991074db
2025-12-04 09:42:11,95,1,19.9,ec401f5100206317
2025-12-04 09:43:29,95,1,20.0,ec401f5110207362
2025-12-04 09:44:08,95,1,20.1,ec401f51202083fd
2025-12-04 09:45:26,95,1,20.2,ec401f5130209388
2025-12-04 09:46:05,95,1,20.3,ec401f514020a3a2
2025-12-04 09:46:44,95,1,20.4,ec401f515020b3d7
2025-12-04 09:48:02,95,1,20.5,ec401f516020c348
2025-12-04 09:48:41,95,1,20.6,ec401f517020d33d
2025-12-04 09:49:20,95,1,20.7,ec401f518020e37c
2025-12-04 09:49:59,95,1,20.8,ec401f519020f309
2025-12-04 09:50:38,95,1,20.9,ec401f5101207346
2025-12-04 09:51:17,95,1,21.0,ec401f5111208333
2025-12-04 09:52:35,95,1,21.1,ec401f51212093ac
2025-12-04 09:53:14,95,1,21.2,ec401f513120a3d9
2025-12-04 09:53:53,95,1,21.3,ec401f514120b3f3
2025-12-04 09:55:11,95,1,21.4,ec401f515120c386
2025-12-04 09:56:29,95,1,21.5,ec401f516120d319
2025-12-04 09:57:08,95,1,21.6,ec401f517120e36c
2025-12-04 09:58:26,95,1,21.7,ec401f518120f32d
2025-12-04 09:59:44,95,1,21.8,ec401f5191200458
2025-12-04 10:00:23,95,1,21.9,ec401f51022083b5
2025-12-04 10:01:41,95,1,22.0,ec401f51122093c0
2025-12-04 10:02:20,95,1,22.1,ec401f512220a35f
2025-12-04 10:02:59,95,1,22.2,ec401f513220b32a
2025-12-04 10:04:17,95,1,22.3,ec401f514220c300
2025-12-04 10:04:56,95,1,22.4,ec401f515220d375
2025-12-04 10:06:14,95,1,22.5,ec401f516220e3ea
2025-12-04 10:07:32,95,1,22.6,ec401f517220f39f
2025-12-04 10:08:11,95,1,22.7,ec401f51822004de
2025-12-04 10:09:29,95,1,22.8,ec401f51922014ab
2025-12-04 10:10:47,95,1,22.9,ec401f51032093e4
2025-12-04 10:13:23,95,1,23.0,ec401f511320a391
2025-12-04 10:14:41,95,1,23.1,ec401f513320c37b
2025-12-04 10:15:20,95,1,23.3,ec401f514320d351
2025-12-04 10:16:00,95,1,23.4,ec401f515320e324
2025-12-04 10:16:38,95,1,23.5,ec401f516320f3bb
2025-12-04 10:18:35,95,1,23.6,ec401f51932024fa
2025-12-04 10:19:15,95,1,23.9,ec401f511420b327
2025-12-04 10:20:08,95,1,23.9,ec4018b88320742c
2025-12-04 10:20:47,184,1,23.8,ec4018b8432034f2
2025-12-04 10:21:26,184,1,23.4,ec4018b88220647d
2025-12-04 10:22:04,184,1,22.8,ec4018b80220e316
2025-12-04 10:22:44,184,1,22.0,ec4018b841201450
2025-12-04 10:23:23,184,1,21.4,ec4018b8602024eb
2025-12-04 10:24:02,184,1,20.6,ec4018b89910d478
2025-12-04 10:24:41,184,1,19.9,ec4018b8391074f9
2025-12-04 10:25:20,184,1,19.3,ec4018b88810b45c
2025-12-04 10:25:59,184,1,18.8,ec4018b8381064a8
2025-12-04 10:26:38,184,1,18.3,ec4018b88710a460
2025-12-04 10:27:17,184,1,17.8,ec4018b8471064be
2025-12-04 10:27:56,184,1,17.4,ec4018b8271044e1
2025-12-04 10:28:35,184,1,17.2,ec4018b89610a444
2025-12-04 10:29:14,184,1,16.9,ec4018b866107405
2025-12-04 10:29:53,184,1,16.6,ec4018b8461054ef
2025-12-04 10:30:32,184,1,16.4,ec4018b8361044c5
2025-12-04 10:31:11,184,1,16.3,ec4018b80610145a
2025-12-04 10:31:50,184,1,16.0,ec4018b8951094b7
2025-12-04 10:32:29,184,1,15.9,ec4018b875107483
2025-12-04 10:33:08,184,1,15.7,ec4018b855105469
2025-12-04 10:33:47,184,1,15.5,ec4018b835103436
2025-12-04 10:34:26,184,1,15.3,ec4018b8051004a9
2025-12-04 10:35:05,184,1,15.0,ec4018b8941084e6
2025-12-04 10:35:44,184,1,14.9,ec4018b8741064d2
2025-12-04 10:37:02,184,1,14.7,ec4018b854104438
2025-12-04 10:38:20,184,1,14.5,ec4018b84410344d
2025-12-04 10:38:59,184,1,14.4,ec4018b834102467
2025-12-04 10:40:17,184,1,14.3,ec4018b824101412
2025-12-04 10:40:56,184,1,14.2,ec4018b81410048d
2025-12-04 10:42:14,184,1,14.1,ec4018b80410f3f8
2025-12-04 10:42:53,184,1,14.0,ec4018b893107450
2025-12-04 10:43:32,184,1,13.9,ec4018b883106425
2025-12-04 10:44:11,184,1,13.8,ec4018b873105464
2025-12-04 10:45:29,184,1,13.7,ec4018b863104411
2025-12-04 10:46:47,184,1,13.6,ec4018b85310348e
2025-12-04 10:48:05,184,1,13.5,ec4018b8431024fb
2025-12-04 10:50:02,184,1,13.4,ec4018b8331014d1
2025-12-04 10:50:41,184,1,13.3,ec4018b22310a3dc
2025-12-04 10:53:56,184,1,13.2,ec4018b203108336
2025-12-04 10:55:14,184,1,13.0,ec4018b292100479
2025-12-04 10:58:29,184,1,12.9,ec4018b28210f30c
2025-12-04 11:01:05,184,1,12.8,ec4018b27210e34d
2025-12-04 11:03:02,184,1,12.7,ec4018b26210d338
2025-12-04 11:08:54,184,1,12.6,ec4018b25210c3a7
2025-12-04 11:12:09,184,1,12.5,ec4018b24210b3d2
2025-12-04 11:17:06,184,1,12.4,ec401bb8521054df
2025-12-04 11:17:45,187,1,12.5,ec401bb892109401
2025-12-04 11:18:24,187,1,12.9,ec401bb8331044d1
2025-12-04 11:19:03,187,1,13.3,ec401bb873108464
2025-12-04 11:19:42,187,1,13.7,ec401bb89310a450
2025-12-04 11:20:21,187,1,13.9,ec401bb824104412
2025-12-04 11:21:00,187,1,14.2,ec401bb84410644d
2025-12-04 11:21:39,187,1,14.4,ec401bb8641084a7
2025-12-04 11:22:18,187,1,14.6,ec401bb8741094d2
2025-12-04 11:22:57,187,1,14.7,ec401bb89410b4e6
2025-12-04 11:23:36,187,1,14.9,ec401bb8051034a9
2025-12-04 11:24:15,187,1,15.0,ec401bb8151044dc
2025-12-04 11:24:54,187,1,15.1,ec401bb835106436
2025-12-04 11:26:12,187,1,15.3,ec401bb855108469
2025-12-04 11:27:30,187,1,15.5,ec401bb8651094f6
2025-12-04 11:28:48,187,1,15.6,ec401bb87510a483
2025-12-04 11:29:27,187,1,15.7,ec401bb88510b4c2
2025-12-04 11:30:45,187,1,15.8,ec401bb89510c4b7
2025-12-04 11:32:03,187,1,15.9,ec401bb80610445a
2025-12-04 11:34:00,187,1,16.0,ec401bb81610542f
2025-12-04 11:35:57,187,1,16.1,ec401bb8261064b0
2025-12-04 11:38:33,187,1,16.2,ec401bb8361074c5
2025-12-04 11:40:30,187,1,16.3,ec401bb8461084ef
2025-12-04 11:43:45,187,1,16.4,ec401bb85610949a
2025-12-04 11:45:42,187,1,16.5,ec401bb89610d444
2025-12-04 11:46:21,187,1,16.9,ec401bb87710c421
2025-12-04 11:47:00,187,1,17.7,ec401bb8281084dd
2025-12-04 11:47:39,187,1,18.2,ec401bb1781064be
2025-12-04 11:48:18,187,1,18.7,ec401bb16910649a
2025-12-04 11:48:57,187,1,19.6,ec401bb110209362
2025-12-04 11:49:36,187,1,20.1,ec401bb14020c3a2
2025-12-04 11:50:15,187,1,20.4,ec401bb17020f33d
2025-12-04 11:50:54,187,1,20.7,ec401bb101209346
2025-12-04 11:51:33,187,1,21.0,ec401bb13120c3d9
2025-12-04 11:52:12,187,1,21.3,ec401bb16120f319
2025-12-04 11:52:51,187,1,21.6,ec401bb18120142d
2025-12-04 11:53:30,187,1,21.8,ec401bb10220a3b5
2025-12-04 11:54:09,187,1,22.0,ec401bb12220c35f
2025-12-04 11:54:48,187,1,22.2,ec401bb15220f375
2025-12-04 11:55:27,187,1,22.5,ec401bb17220149f
2025-12-04 11:56:06,187,1,22.7,ec401bb1822024de
2025-12-04 11:56:45,187,1,22.8,ec401bb10320b3e4
2025-12-04 11:57:25,187,1,23.0,ec401bb12320d30e
2025-12-04 11:58:03,187,1,23.2,ec401bb14320f351
2025-12-04 11:58:42,187,1,23.4,ec401bb1732024ce
2025-12-04 11:59:21,187,1,23.7,ec401bb18320348f
2025-12-04 12:00:00,187,1,23.8,ec401bb1932044fa
2025-12-04 12:00:40,187,1,23.9,ec401bb12420e3b8
2025-12-04 12:01:18,187,1,24.2,ec401bb13420f3cd
2025-12-04 12:01:57,187,1,24.3,ec401bb154201492
2025-12-04 12:02:36,187,1,24.5,ec401bb16420240d
2025-12-04 12:03:15,187,1,24.6,ec401bb174203478
2025-12-04 12:03:55,187,1,24.7,ec401bb19420544c
2025-12-04 12:04:33,187,1,24.9,ec401bb10520d303
2025-12-04 12:05:12,187,1,25.0,ec401bb11520e376
2025-12-04 12:05:33,187,1,25.1,ec401c782520344a
2025-12-04 12:06:11,124,1,25.2,ec401c78942094ef
2025-12-04 12:06:51,124,1,24.9,ec401c7854205431
2025-12-04 12:07:30,124,1,24.1,ec401c7814201484
2025-12-04 12:08:08,124,1,24.1,ec401c787320646d
2025-12-04 12:08:48,124,1,23.7,ec401c78332024d8
2025-12-04 12:09:26,124,1,23.3,ec401c7892207408
2025-12-04 12:10:06,124,1,22.9,ec401c7862204449
2025-12-04 12:10:45,124,1,22.6,ec401c7832201489
2025-12-04 12:11:23,124,1,22.3,ec401c781220f363
2025-12-04 12:12:03,124,1,22.1,ec401c788120548e
2025-12-04 12:12:42,124,1,21.8,ec401c78612034ba
2025-12-04 12:13:21,124,1,21.6,ec401c783120047a
2025-12-04 12:14:38,124,1,21.3,ec401c78902054aa
2025-12-04 12:15:18,124,1,20.9,ec401c78802044df
2025-12-04 12:15:57,124,1,20.8,ec401c78602024eb
2025-12-04 12:16:36,124,1,20.6,ec401c7850201474
2025-12-04 12:17:15,124,1,20.5,ec401c7840200401
2025-12-04 12:17:53,124,1,20.4,ec401c782020e35e
2025-12-04 12:18:33,124,1,20.2,ec401c781020d3c1
2025-12-04 12:19:12,124,1,20.1,ec401c780020c3b4
2025-12-04 12:20:30,124,1,20.0,ec401c788910c40d
2025-12-04 12:21:09,124,1,19.8,ec401c787910b44c
2025-12-04 12:21:48,124,1,19.7,ec401c786910a439
2025-12-04 12:22:27,124,1,19.6,ec401c78591094a6
2025-12-04 12:23:45,124,1,19.5,ec401c78491084d3
2025-12-04 12:24:24,124,1,19.4,ec401c78391074f9
2025-12-04 12:25:03,124,1,19.3,ec401c782910648c
2025-12-04 12:25:42,124,1,19.2,ec401c7819105413
2025-12-04 12:27:00,124,1,19.1,ec401c7809104466
2025-12-04 12:28:18,124,1,19.0,ec401c789810c429
2025-12-04 12:29:36,124,1,18.9,ec401c788810b45c
2025-12-04 12:30:54,124,1,18.8,ec401c787810a41d
2025-12-04 12:32:51,124,1,18.7,ec401c7868109468
2025-12-04 12:33:30,124,1,18.6,ec401c78581084f7
2025-12-04 12:34:09,124,1,18.5,ec401c7848107482
2025-12-04 12:36:06,124,1,18.4,ec401c72481014fa
2025-12-04 12:37:24,124,1,18.4,ec401c72381004d0
2025-12-04 12:40:00,124,1,18.3,ec401c721810e33a
2025-12-04 12:40:39,124,1,18.1,ec401c7277103459
2025-12-04 12:41:18,124,1,17.7,ec401c722710e399
2025-12-04 12:41:57,124,1,17.2,ec401c729610443c
2025-12-04 12:42:36,124,1,16.9,ec401c726610147d
2025-12-04 12:43:15,124,1,16.6,ec401c722610d3c8
2025-12-04 12:43:54,124,1,16.2,ec401c720610b322
2025-12-04 12:44:33,124,1,16.0,ec401c72851024ba
2025-12-04 12:45:12,124,1,15.8,ec401c725510f311
2025-12-04 12:45:51,124,1,15.5,ec401c724510e364
2025-12-04 12:46:30,124,1,15.4,ec401c722510c33b
2025-12-04 12:47:09,124,1,15.2,ec401c721510b3a4
2025-12-04 12:47:48,124,1,15.1,ec401c729410249e
2025-12-04 12:48:27,124,1,14.9,ec401c72841014eb
2025-12-04 12:49:06,124,1,14.8,ec401c726410f3df
2025-12-04 12:49:45,124,1,14.6,ec401c725410e340
2025-12-04 12:50:24,124,1,14.5,ec401c724410d335
2025-12-04 12:51:03,124,1,14.4,ec401c723410c31f
2025-12-04 12:51:42,124,1,14.3,ec401c722410b36a
2025-12-04 12:52:21,124,1,14.2,ec401c721410a3f5
2025-12-04 12:53:00,124,1,14.1,ec401c7204109380
2025-12-04 12:53:39,124,1,14.0,ec401c7293101428
2025-12-04 12:54:57,124,1,13.9,ec401c728310045d
2025-12-04 12:55:36,124,1,13.8,ec401c727310f31c
2025-12-04 12:56:54,124,1,13.7,ec401c726310e369
2025-12-04 12:58:51,124,1,13.6,ec401c725310d3f6
2025-12-04 13:00:10,124,1,13.5,ec401c724310c383
2025-12-04 13:02:06,124,1,13.4,ec401c723310b3a9
2025-12-04 13:03:25,124,1,13.3,ec401c722310a3dc
2025-12-04 13:06:00,124,1,13.2,ec401c7213109343
2025-12-04 13:09:55,124,1,13.1,ec401c7203108336
2025-12-04 13:12:30,124,1,13.0,ec401c7292100479
2025-12-04 13:15:06,124,1,12.9,ec4019780310b34e
2025-12-04 13:15:45,121,1,13.0,ec40197863101411
2025-12-04 13:16:24,121,1,13.6,ec40197893104450
2025-12-04 13:17:03,121,1,13.9,ec4019782410e312
2025-12-04 13:17:42,121,1,14.2,ec4019784410044d
2025-12-04 13:18:21,121,1,14.4,ec401978641024a7
2025-12-04 13:19:00,121,1,14.6,ec40197884104493
2025-12-04 13:19:39,121,1,14.8,ec401978941054e6
2025-12-04 13:20:18,121,1,14.9,ec4019780510d3a9
2025-12-04 13:20:57,121,1,15.0,ec4019782510f343
2025-12-04 13:21:36,121,1,15.2,ec40197835100436
2025-12-04 13:22:15,121,1,15.3,ec4019784510141c
2025-12-04 13:23:33,121,1,15.4,ec401978651034f6
2025-12-04 13:24:51,121,1,15.6,ec40197875104483
2025-12-04 13:25:30,121,1,15.7,ec401978851054c2
2025-12-04 13:26:48,121,1,15.8,ec401978951064b7
2025-12-04 13:28:06,121,1,15.9,ec4019780610e35a
2025-12-04 13:29:24,121,1,16.0,ec4019781610f32f
2025-12-04 13:31:21,121,1,16.1,ec401978261004b0
2025-12-04 13:33:18,121,1,16.2,ec401978361014c5
2025-12-04 13:33:57,121,1,16.3,ec40197866104405
2025-12-04 13:34:36,121,1,16.6,ec40197886106431
2025-12-04 13:35:15,121,1,16.8,ec4019780710f30b
2025-12-04 13:35:54,121,1,17.0,ec401978271014e1
2025-12-04 13:36:33,121,1,17.2,ec401978471034be
2025-12-04 13:37:13,121,1,17.4,ec401978571044cb
2025-12-04 13:37:51,121,1,17.5,ec40197877106421
2025-12-04 13:38:30,121,1,17.7,ec40197887107460
2025-12-04 13:39:09,121,1,17.8,ec40197808100437
2025-12-04 13:39:48,121,1,18.0,ec40197818101442
2025-12-04 13:40:28,121,1,18.1,ec401978381034a8
2025-12-04 13:41:06,121,1,18.3,ec40197848104482
2025-12-04 13:41:45,121,1,18.4,ec401978581054f7
2025-12-04 13:42:24,121,1,18.5,ec40197868106468
2025-12-04 13:43:03,121,1,18.6,ec4019787810741d
2025-12-04 13:43:43,121,1,18.7,ec4019788810845c
2025-12-04 13:44:21,121,1,18.8,ec40197898109429
2025-12-04 13:45:00,121,1,18.9,ec40197809101466
2025-12-04 13:45:40,121,1,19.0,ec4019712910c32f
2025-12-04 13:46:18,121,1,19.2,ec4019713910d35a
2025-12-04 13:46:58,121,1,19.3,ec4019714910e370
2025-12-04 13:47:36,121,1,19.4,ec4019716910049a
2025-12-04 13:48:15,121,1,19.6,ec401971791014ef
2025-12-04 13:48:55,121,1,19.7,ec401971891024ae
2025-12-04 13:49:33,121,1,19.8,ec401971991034db
2025-12-04 13:50:51,121,1,19.9,ec40197100202317
2025-12-04 13:51:30,121,1,20.0,ec40197110203362
2025-12-04 13:52:10,121,1,20.1,ec401971202043fd
2025-12-04 13:52:48,121,1,20.2,ec40197130205388
2025-12-04 13:53:28,121,1,20.3,ec401971402063a2
2025-12-04 13:54:07,121,1,20.4,ec401971502073d7
2025-12-04 13:54:45,121,1,20.5,ec40197160208348
2025-12-04 13:55:25,121,1,20.6,ec4019717020933d
2025-12-04 13:56:43,121,1,20.7,ec4019718020a37c
2025-12-04 13:58:40,121,1,20.8,ec4019719020b309
2025-12-04 14:01:15,121,1,20.9,ec40197101203346
2025-12-04 14:01:55,121,1,21.0,ec401971312063d9
2025-12-04 14:03:13,121,1,21.3,ec401971412073f3
2025-12-04 14:03:52,121,1,21.4,ec40197161209319
2025-12-04 14:04:30,121,1,21.6,ec4019717120a36c
2025-12-04 14:05:10,121,1,21.7,ec4019719120c358
2025-12-04 14:05:49,121,1,21.9,ec401971122053c0
2025-12-04 14:06:28,121,1,22.1,ec4019713220732a
2025-12-04 14:07:07,121,1,22.3,ec40197152209375
2025-12-04 14:07:46,121,1,22.5,ec4019717220b39f
2025-12-04 14:08:25,121,1,22.7,ec4019719220d3ab
2025-12-04 14:09:04,121,1,22.9,ec40197113206391
2025-12-04 14:09:43,121,1,23.1,ec4019712320730e
2025-12-04 14:11:01,121,1,23.2,ec4019716320b3bb
2025-12-04 14:11:40,121,1,23.6,ec4019717320c3ce
2025-12-04 14:12:19,121,1,23.7,ec4019718320d38f
2025-12-04 14:12:58,121,1,23.8,ec40197104206352
2025-12-04 14:13:37,121,1,24.0,ec40197114207327
2025-12-04 14:14:16,121,1,24.1,ec401971342093cd
2025-12-04 14:14:55,121,1,24.3,ec4019714420a3e7
2025-12-04 14:15:34,121,1,24.4,ec4019715420b392
2025-12-04 14:16:13,121,1,24.5,ec4019716420c30d
2025-12-04 14:16:52,121,1,24.6,ec4019717420d378
2025-12-04 14:17:31,121,1,24.7,ec4019719420f34c
2025-12-04 14:18:10,121,1,24.9,ec40197105207303
2025-12-04 14:18:49,121,1,25.0,ec40197115208376
2025-12-04 14:19:28,121,1,25.1,ec401971252093e9
2025-12-04 14:20:07,121,1,25.2,ec4019713520a39c
2025-12-04 14:20:46,121,1,25.3,ec4019714520b3b6
2025-12-04 14:21:25,121,1,25.4,ec4019715520c3c3
2025-12-04 14:22:04,121,1,25.5,ec4019716520d35c
2025-12-04 14:22:43,121,1,25.6,ec4019717520e329
2025-12-04 14:23:22,121,1,25.7,ec4019718520f368
2025-12-04 14:24:01,121,1,25.8,ec4019719520041d
2025-12-04 14:25:19,121,1,25.9,ec401971062083f0
2025-12-04 14:25:58,121,1,26.0,ec40197116209385
2025-12-04 14:26:37,121,1,26.1,ec4019712620a31a
2025-12-04 14:27:16,121,1,26.2,ec4019713620b36f
2025-12-04 14:27:55,121,1,26.3,ec4019714620c345
2025-12-04 14:28:49,121,1,26.4,ec4013883620d3cc
2025-12-04 14:29:28,131,1,26.3,ec4013884520d315
2025-12-04 14:30:07,131,1,25.4,ec4013883420b36e
2025-12-04 14:30:46,131,1,24.3,ec401388232093ad
2025-12-04 14:31:25,131,1,23.2,ec401388222083fc
2025-12-04 14:32:04,131,1,22.2,ec4013883120837a
2025-12-04 14:32:43,131,1,21.3,ec40138850209374
2025-12-04 14:33:22,131,1,20.5,ec40138899105478
2025-12-04 14:34:01,131,1,19.9,ec4013883910f3f9
2025-12-04 14:34:40,131,1,19.3,ec4013888810345c
2025-12-04 14:35:19,131,1,18.8,ec4013884810f382
2025-12-04 14:35:58,131,1,18.4,ec4013880810b337
2025-12-04 14:36:37,131,1,18.0,ec40138867100454
2025-12-04 14:37:16,131,1,17.6,ec4013883710d394
2025-12-04 14:37:55,131,1,17.3,ec4013880710a30b
2025-12-04 14:38:34,131,1,17.0,ec40138876100470
2025-12-04 14:39:13,131,1,16.7,ec4013884610d3ef
2025-12-04 14:39:52,131,1,16.4,ec4013881610a32f
2025-12-04 14:40:31,131,1,16.1,ec401388951014b7
2025-12-04 14:41:10,131,1,15.9,ec4013886510e3f6
2025-12-04 14:41:49,131,1,15.6,ec4013884510c31c
2025-12-04 14:42:28,131,1,15.4,ec4013883510b336
2025-12-04 14:43:07,131,1,15.3,ec401388151093dc
2025-12-04 14:43:46,131,1,15.1,ec401388941004e6
2025-12-04 14:44:25,131,1,14.9,ec4013888410f393
2025-12-04 14:45:04,131,1,14.8,ec4013887410e3d2
2025-12-04 14:45:44,131,1,14.7,ec4013886410d3a7
2025-12-04 14:46:22,131,1,14.6,ec4013884410b34d
2025-12-04 14:47:02,131,1,14.4,ec4013883410a367
2025-12-04 14:48:19,131,1,14.3,ec40138824109312
2025-12-04 14:48:59,131,1,14.2,ec4013881410838d
2025-12-04 14:50:17,131,1,14.1,ec401388041073f8
2025-12-04 14:50:55,131,1,14.0,ec4013889310f350
2025-12-04 14:52:14,131,1,13.9,ec4013888310e325
2025-12-04 14:52:52,131,1,13.8,ec4013887310d364
2025-12-04 14:54:11,131,1,13.7,ec4013886310c311
2025-12-04 14:55:29,131,1,13.6,ec4013885310b38e
2025-12-04 14:56:07,131,1,13.5,ec4013884310a3fb
2025-12-04 14:57:26,131,1,13.4,ec401388331093d1
2025-12-04 14:59:22,131,1,13.3,ec401382231023dc
2025-12-04 15:01:59,131,1,13.2,ec40138213101343
2025-12-04 15:03:17,131,1,13.1,ec40138203100336
2025-12-04 15:05:53,131,1,13.0,ec40138292108379
2025-12-04 15:08:29,131,1,12.9,ec4013828210730c
2025-12-04 15:10:27,131,1,12.8,ec4018e892109401
2025-12-04 15:11:06,232,1,12.9,ec4018e883109425
2025-12-04 15:11:44,232,1,13.8,ec4018e834105467
2025-12-04 15:12:24,232,1,14.3,ec4018e8741094d2
2025-12-04 15:13:02,232,1,14.7,ec4018e8051034a9
2025-12-04 15:13:42,232,1,15.0,ec4018e835106436
2025-12-04 15:14:21,232,1,15.3,ec4018e855108469
2025-12-04 15:14:59,232,1,15.5,ec4018e88510b4c2
2025-12-04 15:15:39,232,1,15.8,ec4018e80610445a
2025-12-04 15:16:18,232,1,16.0,ec4018e8261064b0
2025-12-04 15:16:57,232,1,16.2,ec4018e8461084ef
2025-12-04 15:17:36,232,1,16.4,ec4018e85610949a
2025-12-04 15:18:14,232,1,16.5,ec4018e87610b470
2025-12-04 15:18:54,232,1,16.7,ec4018e88610c431
2025-12-04 15:19:33,232,1,16.8,ec4018e89610d444
2025-12-04 15:20:12,232,1,16.9,ec4018e80710540b
2025-12-04 15:20:51,232,1,17.0,ec4018e81710647e
2025-12-04 15:21:29,232,1,17.1,ec4018e8271074e1
2025-12-04 15:22:09,232,1,17.2,ec4018e837108494
2025-12-04 15:22:48,232,1,17.3,ec4018e8471094be
2025-12-04 15:24:06,232,1,17.4,ec4018e85710a4cb
2025-12-04 15:24:45,232,1,17.5,ec4018e86710b454
2025-12-04 15:26:03,232,1,17.6,ec4018e87710c421
2025-12-04 15:27:21,232,1,17.7,ec4018e88710d460
2025-12-04 15:28:39,232,1,17.8,ec4018e89710e415
2025-12-04 15:29:57,232,1,17.9,ec4018e808106437
2025-12-04 15:31:15,232,1,18.0,ec4018e818107442
2025-12-04 15:32:33,232,1,18.1,ec4018e8281084dd
2025-12-04 15:34:30,232,1,18.2,ec4018e8381094a8
2025-12-04 15:37:45,232,1,18.3,ec4018e84810a482
2025-12-04 15:41:00,232,1,18.4,ec4018e15220f375
2025-12-04 15:41:39,232,1,22.5,ec4018e12520f3e9
2025-12-04 15:42:18,232,1,25.2,ec4018e146202445
2025-12-04 15:42:57,232,1,26.4,ec4018e1172004d4
2025-12-04 15:43:36,232,1,27.1,ec4018e1672054fe
2025-12-04 15:44:15,232,1,27.6,ec4018e18620649b
2025-12-04 15:44:54,232,1,26.8,ec4018e16520345c
2025-12-04 15:45:33,232,1,25.6,ec4018e16420240d
2025-12-04 15:46:12,232,1,24.6,ec4018e1932044fa
2025-12-04 15:46:51,232,1,23.9,ec4018e13320e37b
2025-12-04 15:47:30,232,1,23.3,ec4018e17220149f
2025-12-04 15:48:09,232,1,22.7,ec4018e13220d32a
2025-12-04 15:48:48,232,1,22.3,ec4018e191202458
2025-12-04 15:49:27,232,1,21.9,ec4018e15120e386
2025-12-04 15:50:06,232,1,21.5,ec4018e12120b3ac
2025-12-04 15:50:45,232,1,21.2,ec4018e101209346
2025-12-04 15:51:24,232,1,21.0,ec4018e17020f33d
2025-12-04 15:52:03,232,1,20.7,ec4018e16020e348
2025-12-04 15:52:42,232,1,20.6,ec4018e14020c3a2
2025-12-04 15:53:21,232,1,20.4,ec4018e12020a3fd
2025-12-04 15:53:28,232,1,20.2,ec4015382020335e
2025-12-04 15:54:07,53,1,20.2,ec40153899102478
2025-12-04 15:54:47,53,1,19.9,ec4015382910b38c
2025-12-04 15:55:25,53,1,19.2,ec4015387810f31d
2025-12-04 15:56:05,53,1,18.7,ec4015382810a3dd
2025-12-04 15:56:43,53,1,18.2,ec4015388710f360
2025-12-04 15:57:22,53,1,17.8,ec4015384710b3be
2025-12-04 15:58:02,53,1,17.4,ec4015381710837e
2025-12-04 15:58:40,53,1,17.1,ec4015388610e331
2025-12-04 15:59:20,53,1,16.8,ec4015385610b39a
2025-12-04 15:59:58,53,1,16.5,ec401538361093c5
2025-12-04 16:00:37,53,1,16.3,ec4015381610732f
2025-12-04 16:01:17,53,1,16.1,ec4015389510e3b7
2025-12-04 16:01:55,53,1,15.9,ec4015388510d3c2
2025-12-04 16:02:35,53,1,15.8,ec4015386510b3f6
2025-12-04 16:03:14,53,1,15.6,ec4015384510931c
2025-12-04 16:03:52,53,1,15.4,ec40153835108336
2025-12-04 16:04:32,53,1,15.3,ec40153825107343
2025-12-04 16:05:10,53,1,15.2,ec401538151063dc
2025-12-04 16:05:50,53,1,15.1,ec4015389410d3e6
2025-12-04 16:06:29,53,1,14.9,ec4015388410c393
2025-12-04 16:07:07,53,1,14.8,ec4015386410a3a7
2025-12-04 16:07:47,53,1,14.6,ec40153854109338
2025-12-04 16:09:05,53,1,14.5,ec4015384410834d
2025-12-04 16:09:44,53,1,14.4,ec40153834107367
2025-12-04 16:10:22,53,1,14.3,ec40153824106312
2025-12-04 16:11:02,53,1,14.2,ec4015381410538d
2025-12-04 16:12:59,53,1,14.1,ec401538041043f8
2025-12-04 16:16:14,53,1,14.0,ec4015389310c350
2025-12-04 16:16:53,53,1,13.9,ec4015388310b325
2025-12-04 16:18:50,53,1,13.8,ec4015387310a364
2025-12-04 16:22:05,53,1,13.7,ec40153863109311
2025-12-04 16:24:02,53,1,13.6,ec40153263103369
2025-12-04 16:24:41,53,1,13.6,ec401532531023f6
2025-12-04 16:26:38,53,1,13.5,ec40153243101383
2025-12-04 16:31:11,53,1,13.4,ec401532331003a9
2025-12-04 16:34:13,53,1,13.3,ec401728331073d1
2025-12-04 16:34:52,39,1,13.3,ec401728041053f8
2025-12-04 16:35:31,39,1,14.0,ec4017286410b3a7
2025-12-04 16:36:10,39,1,14.6,ec401728051063a9
2025-12-04 16:36:49,39,1,15.0,ec40172835109336
2025-12-04 16:37:28,39,1,15.3,ec4017286510c3f6
2025-12-04 16:38:07,39,1,15.6,ec4017288510e3c2
2025-12-04 16:38:46,39,1,15.8,ec4017280610735a
2025-12-04 16:39:25,39,1,16.0,ec401728261093b0
2025-12-04 16:40:04,39,1,16.2,ec4017283610a3c5
2025-12-04 16:40:43,39,1,16.3,ec4017284610b3ef
2025-12-04 16:41:22,39,1,16.4,ec4017285610c39a
2025-12-04 16:42:01,39,1,16.5,ec4017286610d305
2025-12-04 16:42:40,39,1,16.6,ec4017287610e370
2025-12-04 16:43:20,39,1,16.7,ec4017288610f331
2025-12-04 16:44:37,39,1,16.8,ec4017280710830b
2025-12-03 17:51:04,132,1,21.8,ec4014886120c3ba
2025-12-03 17:51:44,132,1,21.5,ec4014885120b325
2025-12-03 17:52:22,132,1,21.5,ec4014883120937a
2025-12-03 17:53:02,132,1,21.3,ec40148811207390
2025-12-03 17:53:41,132,1,21.1,ec401488012063e5
2025-12-03 17:54:19,132,1,21.0,ec4014889020e3aa
2025-12-03 17:54:59,132,1,20.9,ec4014888020d3df
2025-12-03 17:55:37,132,1,20.8,ec4014887020c39e
2025-12-03 17:56:17,132,1,20.7,ec4014886020b3eb
2025-12-03 17:56:56,132,1,20.6,ec4014885020a374
2025-12-03 17:57:34,132,1,20.5,ec40148840209301
2025-12-03 17:58:14,132,1,20.4,ec4014883020832b
2025-12-03 17:59:32,132,1,20.3,ec4014882020735e
2025-12-03 18:00:45,132,1,20.3,ec4017984020d301
2025-12-03 18:01:25,151,1,20.4,ec4017986020f3eb
2025-12-03 18:02:03,151,1,20.6,ec4017987020049e
2025-12-03 18:02:42,151,1,20.7,ec401798802014df
2025-12-03 18:03:21,151,1,20.8,ec401798902024aa
2025-12-03 18:04:00,151,1,20.9,ec4017982120c30f
2025-12-03 18:04:40,151,1,21.2,ec4017985120f325
2025-12-03 18:05:18,151,1,21.5,ec401798712014cf
2025-12-03 18:06:36,151,1,21.7,ec4017983120d37a
2025-12-03 18:08:39,151,1,20.7,ec4019485020b374
2025-12-03 18:09:18,73,1,20.5,ec4019484020a301
2025-12-03 18:09:57,73,1,20.4,ec4019482020835e
2025-12-03 18:11:15,73,1,20.2,ec401948102073c1
2025-12-03 18:12:34,73,1,20.1,ec4019483020932b
2025-12-03 18:13:12,73,1,20.3,ec4019488020e3df
2025-12-03 18:13:51,73,1,20.8,ec4019486120d3ba
2025-12-03 18:14:30,73,1,21.6,ec4019482220a3fc
2025-12-03 18:15:49,73,1,22.2,ec4019488120f38e
2025-12-03 18:16:27,73,1,21.8,ec4019485120c325
2025-12-03 18:17:06,73,1,21.5,ec4019482120930f
2025-12-03 18:17:45,73,1,21.2,ec401948012073e5
2025-12-03 18:19:04,73,1,20.8,ec4019486020c3eb
2025-12-03 18:19:50,73,1,20.6,ec401b9850202474
2025-12-03 18:20:29,155,1,20.4,ec401b9840201401
2025-12-03 18:21:08,155,1,20.4,ec401b983020042b
2025-12-03 18:21:47,155,1,20.3,ec401b982020f35e
2025-12-03 18:23:44,155,1,20.2,ec401b981020e3c1
2025-12-03 18:25:02,155,1,20.1,ec401b980020d3b4
2025-12-03 18:26:20,155,1,20.2,ec401b98802054df
2025-12-03 18:26:59,155,1,20.8,ec401b9851203425
2025-12-03 18:27:38,155,1,21.5,ec401b9812200463
2025-12-03 18:28:17,155,1,22.1,ec401b987220643c
2025-12-03 18:29:35,155,1,22.7,ec401b9832202489
2025-12-03 18:30:14,155,1,22.3,ec401b980220f316
2025-12-03 18:30:53,155,1,22.0,ec401b98712054cf
2025-12-03 18:32:11,155,1,21.5,ec401b983120147a
2025-12-03 18:32:50,155,1,21.3,ec401b981120f390
2025-12-03 18:33:29,155,1,21.1,ec401b98902064aa
2025-12-03 18:34:47,155,1,20.8,ec401b987020449e
2025-12-03 18:35:26,155,1,20.6,ec401b98602034eb
2025-12-03 18:37:12,255,1,20.4,ec401ff84020b401
2025-12-03 18:37:51,255,1,20.3,ec401ff83020a42b
2025-12-03 18:38:30,255,1,20.3,ec401ff8102084c1
2025-12-03 18:39:48,255,1,20.1,ec401ff8002074b4
2025-12-03 18:41:06,255,1,20.3,ec401ff88020f4df
2025-12-03 18:41:45,255,1,20.8,ec401ff84120c450
2025-12-03 18:43:03,255,1,21.4,ec401ff83220c489
2025-12-03 18:43:42,255,1,22.3,ec401ff87220053c
2025-12-03 18:44:21,255,1,22.7,ec401ff80320a447
2025-12-03 18:45:00,255,1,23.0,ec401ff892202508
2025-12-03 18:46:18,255,1,22.3,ec401ff87120f4cf
2025-12-03 18:46:57,255,1,21.7,ec401ff83120b47a
2025-12-03 18:47:36,255,1,21.3,ec401ff8902005aa
2025-12-03 18:48:15,255,1,20.9,ec401ff87020e49e
2025-12-03 18:49:33,255,1,20.2,ec401ff82020945e
2025-12-03 18:50:51,255,1,20.0,ec401ff899108578
2025-12-03 18:51:30,255,1,19.9,ec401ff87910654c
2025-12-03 18:52:09,255,1,19.7,ec401ff869105539
2025-12-03 18:52:48,255,1,19.6,ec401ff8591045a6
2025-12-03 18:53:27,255,1,19.5,ec401ff8491035d3
2025-12-03 18:54:06,255,1,19.4,ec401ff8391025f9
2025-12-03 18:54:45,255,1,19.3,ec401ff82910158c
2025-12-03 18:55:24,255,1,19.2,ec401ff819100513
2025-12-03 18:56:03,255,1,19.0,ec401ff80910f466
2025-12-03 18:57:21,255,1,18.9,ec401ff898107529
2025-12-03 18:58:00,255,1,18.9,ec401ff88810655c
2025-12-03 18:59:18,255,1,18.8,ec401ff87810551d
2025-12-03 19:00:36,255,1,18.7,ec401ff868104568
2025-12-03 19:02:33,255,1,18.6,ec401ff8581035f7
2025-12-03 19:04:30,255,1,18.5,ec401ff848102582
2025-12-03 19:06:27,255,1,18.4,ec401ff8381015a8
2025-12-03 19:07:15,255,1,18.4,ec401da84810b482
2025-12-03 19:07:54,173,1,18.4,ec401da87810e41d
2025-12-03 19:08:33,173,1,18.9,ec401da898100529
2025-12-03 19:09:12,173,1,18.9,ec401da819109413
2025-12-03 19:09:51,173,1,19.1,ec401da82910a48c
2025-12-03 19:10:30,173,1,19.2,ec401da84910c4d3
2025-12-03 19:11:09,173,1,19.4,ec401da85910d4a6
2025-12-03 19:11:48,173,1,19.5,ec401da86910e439
2025-12-03 19:12:27,173,1,19.6,ec401da87910f44c
2025-12-03 19:13:06,173,1,19.7,ec401da88910050d
2025-12-03 19:14:24,173,1,19.9,ec401da8002004b4
2025-12-03 19:15:03,173,1,20.0,ec401da8102014c1
2025-12-03 19:16:21,173,1,20.1,ec401da82020245e
2025-12-03 19:17:00,173,1,20.2,ec401da83020342b
2025-12-03 19:17:39,173,1,20.3,ec401da840204401
2025-12-03 19:18:18,173,1,20.4,ec401da850205474
2025-12-03 19:18:57,173,1,20.5,ec401da8602064eb
2025-12-03 19:20:15,173,1,20.6,ec401da87020749e
2025-12-03 19:20:54,173,1,20.7,ec401da8802084df
2025-12-03 19:21:33,173,1,20.8,ec401da8902094aa
2025-12-03 19:22:52,173,1,20.9,ec401da8012014e5
2025-12-03 19:24:09,173,1,21.0,ec401da811202490
2025-12-03 19:38:28,173,1,20.7,ec401da17020043d
2025-12-03 19:39:06,173,1,20.6,ec401da16020f348
2025-12-03 19:39:46,173,1,20.6,ec401da14020d3a2
2025-12-03 19:40:25,173,1,20.4,ec401da12020b3fd
2025-12-03 19:41:03,173,1,20.2,ec401da11020a362
2025-12-03 19:41:43,131,1,11.9,ec401da100209317
2025-12-03 19:42:21,131,1,11.9,ec401da19910a4db
2025-12-03 19:43:01,173,1,19.9,ec401da1891094ae
2025-12-03 19:43:40,173,1,19.8,ec401da1791084ef
2025-12-03 19:44:18,173,1,19.6,ec401da16910749a
2025-12-03 19:44:58,173,1,19.5,ec401da159106405
2025-12-03 19:45:37,173,1,19.4,ec401da149105470
2025-12-03 19:46:16,173,1,19.4,ec401da13910445a
2025-12-03 19:47:33,173,1,19.2,ec401da12910342f
2025-12-03 19:48:52,173,1,19.2,ec401da1191024b0
2025-12-03 19:50:10,173,1,19.1,ec401da1091014c5
2025-12-03 19:51:28,173,1,19.0,ec401da19810948a
2025-12-03 19:53:25,173,1,18.9,ec401da1881084ff
2025-12-03 19:54:43,173,1,18.8,ec401da1781074be
2025-12-03 19:56:40,131,1,11.7,ec401da1681064cb
2025-12-03 19:59:55,173,1,18.5,ec401da158105454
2025-12-03 20:01:52,173,1,18.4,ec401da148104421
2025-12-03 20:05:07,173,1,18.3,ec401da13810340b
2025-12-03 20:07:43,131,1,11.6,ec401da2381044d0
2025-12-03 20:09:40,131,1,11.6,ec401da2281034a5
2025-12-06T12:48:55.589022,247,1,-20.0,EC4017F2002814A1
2025-12-06T12:48:55.589042,247,1,-19.5,EC4017F25918E461
2025-12-06T12:48:55.589050,247,1,-19.0,EC4017F2091894A1
2025-12-06T12:48:55.589057,247,1,-18.5,EC4017F25818D461
2025-12-06T12:48:55.589063,247,1,-18.0,EC4017F2081884A1
2025-12-06T12:48:55.589069,247,1,-17.5,EC4017F25718C461
2025-12-06T12:48:55.589076,247,1,-17.0,EC4017F2071874A1
2025-12-06T12:48:55.589082,247,1,-16.5,EC4017F25618B461
2025-12-06T12:48:55.589088,247,1,-16.0,EC4017F2061864A1
2025-12-06T12:48:55.589095,247,1,-15.5,EC4017F25518A492
2025-12-06T12:48:55.589101,247,1,-15.0,EC4017F205185452
2025-12-06T12:48:55.589107,247,1,-14.5,EC4017F2541894C3
2025-12-06T12:48:55.589121,247,1,-14.0,EC4017F204184403
2025-12-06T12:48:55.589128,247,1,-13.5,EC4017F253188475
2025-12-06T12:48:55.589134,247,1,-13.0,EC4017F2031834B5
2025-12-06T12:48:55.589141,247,1,-12.5,EC4017F252187424
2025-12-06T12:48:55.589149,247,1,-12.0,EC4017F2021824E4
2025-12-06T12:48:55.589157,247,1,-11.5,EC4017F2511864D7
2025-12-06T12:48:55.589163,247,1,-11.0,EC4017F201181417
2025-12-06T12:48:55.589169,247,1,-10.5,EC4017F250185486
2025-12-06T12:48:55.589175,247,1,-10.0,EC4017F200180446
2025-12-06T12:48:55.589182,247,1,-9.5,EC4017F25908D45A
2025-12-06T12:48:55.589188,247,1,-9.0,EC4017F20908849A
2025-12-06T12:48:55.589194,247,1,-8.5,EC4017F25808C40B
2025-12-06T12:48:55.589200,247,1,-8.0,EC4017F2080874CB
2025-12-06T12:48:55.589207,247,1,-7.5,EC4017F25708B437
2025-12-06T12:48:55.589213,247,1,-7.0,EC4017F2070864F7
2025-12-06T12:48:55.589222,247,1,-6.5,EC4017F25608A466
2025-12-06T12:48:55.589228,247,1,-6.0,EC4017F2060854A6
2025-12-06T12:48:55.589238,247,1,-5.5,EC4017F255089495
2025-12-06T12:48:55.589244,247,1,-5.0,EC4017F205084455
2025-12-06T12:48:55.589251,247,1,-4.5,EC4017F2540884C4
2025-12-06T12:48:55.589257,247,1,-4.0,EC4017F204083404
2025-12-06T12:48:55.589263,247,1,-3.5,EC4017F253087472
2025-12-06T12:48:55.589269,247,1,-3.0,EC4017F2030824B2
2025-12-06T12:48:55.589275,247,1,-2.5,EC4017F252086423
2025-12-06T12:48:55.589281,247,1,-2.0,EC4017F2020814E3
2025-12-06T12:48:55.589287,247,1,-1.5,EC4017F2510854D0
2025-12-06T12:48:55.589293,247,1,-1.0,EC4017F201080410
2025-12-06T12:48:55.589300,247,1,-0.5,EC4017F250084402
2025-12-06T12:48:55.589306,247,1,0.0,EC4017F2000073C2
2025-12-06T12:48:55.589312,247,1,0.5,EC4017F25000C302
2025-12-06T12:48:55.589318,247,1,1.0,EC4017F101007348
2025-12-06T12:48:55.589324,247,1,1.5,EC4017F15100C388
2025-12-06T12:48:55.589333,247,1,2.0,EC4017F1020083BB
2025-12-06T12:48:55.589340,247,1,2.5,EC4017F15200D37B
2025-12-06T12:48:55.589346,247,1,3.0,EC4017F1030093EA
2025-12-06T12:48:55.589352,247,1,3.5,EC4017F15300E32A
2025-12-06T12:48:55.589358,247,1,4.0,EC4017F10400A35C
2025-12-06T12:48:55.589364,247,1,4.5,EC4017F15400F39C
2025-12-06T12:48:55.589370,247,1,5.0,EC4017F10500B30D
2025-12-06T12:48:55.589376,247,1,5.5,EC4017F1550004CD
2025-12-06T12:48:55.589382,247,1,6.0,EC4017F10600C3FE
2025-12-06T12:48:55.589389,247,1,6.5,EC4017F15600143E
2025-12-06T12:48:55.589395,247,1,7.0,EC4017F10700D3AF
2025-12-06T12:48:55.589401,247,1,7.5,EC4017F15700246F
2025-12-06T12:48:55.589407,247,1,8.0,EC4017F10800E393
2025-12-06T12:48:55.589413,247,1,8.5,EC4017F158003453
2025-12-06T12:48:55.589422,247,1,9.0,EC4017F10900F3C2
2025-12-06T12:48:55.589428,247,1,9.5,EC4017F159004402
2025-12-06T12:48:55.589434,247,1,10.0,EC4017F100107300
2025-12-06T12:48:55.589440,247,1,10.5,EC4017F15010C3C0
2025-12-06T12:48:55.589446,247,1,11.0,EC4017F10110834F
2025-12-06T12:48:55.589452,247,1,11.5,EC4017F15110D38F
2025-12-06T12:48:55.589459,247,1,12.0,EC4017F1021093BC
2025-12-06T12:48:55.589465,247,1,12.5,EC4017F15210E37C
2025-12-06T12:48:55.589474,247,1,13.0,EC4017F20310B336
2025-12-06T12:48:55.589480,247,1,13.5,EC4017F2531004F6
2025-12-06T12:48:55.589487,247,1,14.0,EC4017F20410C380
2025-12-06T12:48:55.589493,247,1,14.5,EC4017F254101440
2025-12-06T12:48:55.589499,247,1,15.0,EC4017F10510C30A
2025-12-06T12:48:55.589507,247,1,15.5,EC4017F1551014CA
2025-12-06T12:48:55.589514,247,1,16.0,EC4017F10610D3F9
2025-12-06T12:48:55.589520,247,1,16.5,EC4017F156102439
2025-12-06T12:48:55.589526,247,1,17.0,EC4017F10710E3A8
2025-12-06T12:48:55.589532,247,1,17.5,EC4017F157103468
2025-12-06T12:48:55.589541,247,1,18.0,EC4017F00810E33C
2025-12-06T12:48:55.589549,247,1,18.5,EC4017F0581034FC
2025-12-06T12:48:55.589555,247,1,19.0,EC4017F809107466
2025-12-06T12:48:55.589561,247,1,19.5,EC4017F85910C4A6
2025-12-06T12:48:55.589567,247,1,20.0,EC4017F2002093CC
2025-12-06T12:48:55.589573,247,1,20.5,EC4017F25020E30C
2025-12-06T12:48:55.589579,247,1,21.0,EC4017F101209346
2025-12-06T12:48:55.589585,247,1,21.5,EC4017F15120E386
2025-12-06T12:48:55.589592,247,1,22.0,EC4017F10220A3B5
2025-12-06T12:48:55.589598,247,1,22.5,EC4017F15220F375
2025-12-06T12:48:55.589604,247,1,23.0,EC4017F10320B3E4
2025-12-06T12:48:55.589610,247,1,23.5,EC4017F153200424
2025-12-06T12:48:55.589616,247,1,24.0,EC4017F10420C352
2025-12-06T12:48:55.589622,247,1,24.5,EC4017F154201492
2025-12-06T12:48:55.589631,247,1,25.0,EC4017F10520D303
2025-12-06T12:48:55.589637,247,1,25.5,EC4017F1552024C3
2025-12-06T12:48:55.589644,247,1,26.0,EC4017F10620E3F0
2025-12-06T12:48:55.589651,247,1,26.5,EC4017F156203430
2025-12-06T12:48:55.589657,247,1,27.0,EC4017F10720F3A1
2025-12-06T12:48:55.589677,247,1,27.5,EC4017F157204461
2025-12-06T12:48:55.589684,247,1,28.0,EC4017F208201446
2025-12-06T12:48:55.589690,247,1,28.5,EC4017F258206486
2025-12-06T12:48:55.589697,247,1,29.0,EC4017F1092014CC
2025-12-06T12:48:55.589703,247,1,29.5,EC4017F15920640C
2025-12-06T12:48:55.589709,247,1,30.0,EC4017F100309310
2025-12-06T12:48:55.589716,247,1,30.5,EC4017F15030E3D0
2025-12-06T12:48:55.589722,247,1,31.0,EC4017F10130A341
2025-12-06T12:48:55.589728,247,1,31.5,EC4017F15130F381
2025-12-06T12:48:55.589735,247,1,32.0,EC4017F10230B3B2
2025-12-06T12:48:55.589741,247,1,32.5,EC4017F152300472
2025-12-06T12:48:55.589747,247,1,33.0,EC4017F10330C3E3
2025-12-06T12:48:55.589753,247,1,33.5,EC4017F153301423
2025-12-06T12:48:55.589765,247,1,34.0,EC4017F8043044F6
2025-12-06T12:48:55.589772,247,1,34.5,EC4017F854309436
2025-12-06T12:48:55.589779,247,1,35.0,EC4017F8053054A7
2025-12-06T12:48:55.589785,247,1,35.5,EC4017F85530A467
2025-12-06T12:48:55.589791,247,1,36.0,EC4017F806306454
2025-12-06T12:48:55.589828,247,1,36.5,EC4017F85630B494
2025-12-06T12:48:55.589841,247,1,37.0,EC4017F807307405
2025-12-06T12:48:55.589852,247,1,37.5,EC4017F85730C4C5
2025-12-06T12:48:55.589863,247,1,38.0,EC4017F808308439
2025-12-06T12:48:55.589874,247,1,38.5,EC4017F85830D4F9
2025-12-06T12:48:55.589880,247,1,39.0,EC4017F809309468
2025-12-06T12:48:55.589887,247,1,39.5,EC4017F85930E4A8
2025-12-06T12:48:55.589893,247,1,40.0,EC4017F8004014C6
2025-12-06T12:48:55.589899,247,1,40.5,EC4017F850406406
2025-12-06T12:48:55.589908,247,1,41.0,EC4017F801402497
2025-12-06T12:48:55.589914,247,1,41.5,EC4017F851407457
2025-12-06T12:48:55.589920,247,1,42.0,EC4017F802403464
2025-12-06T12:48:55.589926,247,1,42.5,EC4017F8524084A4
2025-12-06T12:48:55.589933,247,1,43.0,EC4017F803404435
2025-12-06T12:48:55.589939,247,1,43.5,EC4017F8534094F5
2025-12-06T12:48:55.589945,247,1,44.0,EC4017F804405483
2025-12-06T12:48:55.589953,247,1,44.5,EC4017F85440A443
2025-12-06T12:48:55.589959,247,1,45.0,EC4017F8054064D2
2025-12-06T12:48:55.589965,247,1,45.5,EC4017F85540B412
2025-12-06T12:48:55.589971,247,1,46.0,EC4017F806407421
2025-12-06T12:48:55.589977,247,1,46.5,EC4017F85640C4E1
2025-12-06T12:48:55.589983,247,1,47.0,EC4017F807408470
2025-12-06T12:48:55.589990,247,1,47.5,EC4017F85740D4B0
2025-12-06T12:48:55.589996,247,1,48.0,EC4017F80840944C
2025-12-06T12:48:55.590002,247,1,48.5,EC4017F85840E48C
2025-12-06T12:48:55.590008,247,1,49.0,EC4017F80940A41D
2025-12-06T12:48:55.590014,247,1,49.5,EC4017F85940F4DD
2025-12-06T12:48:55.590023,247,1,50.0,EC4017F10050B362
